1880,12,31,1881,1,1,2,8,1,9.7,8,1,-6.2,8,1
1881,1,1,1881,1,2,2.4,8,1,6.3,8,1,-0.7,8,1
1881,1,2,1881,1,3,1.4,8,1,9.7,8,1,-3.4,8,1
1881,1,3,1881,1,4,0.6,8,1,10.1,8,1,-5.8,8,1
1881,1,4,1881,1,5,0.8,8,1,11.3,8,1,-5.8,8,1
1881,1,5,1881,1,6,2,8,1,11.3,8,1,-4.3,8,1
1881,1,6,1881,1,7,2,8,1,7.3,8,1,-2.2,8,1
1881,1,7,1881,1,8,0.5,8,1,6.6,8,1,-6.8,8,1
1881,1,8,1881,1,9,1.9,8,1,8.4,8,1,-6.8,8,1
1881,1,9,1881,1,10,1.5,8,1,8.4,8,1,-5.3,8,1
1881,1,10,1881,1,11,-1.2,8,1,5.5,8,1,-9.2,8,1
1881,1,11,1881,1,12,-1.6,8,1,6.1,8,1,-9.2,8,1
1881,1,12,1881,1,13,0.2,8,1,6.1,8,1,-6.9,8,1
1881,1,13,1881,1,14,0.2,8,1,7.5,8,1,-4.8,8,1
1881,1,14,1881,1,15,-0.5,8,1,9.3,8,1,-5.9,8,1
1881,1,15,1881,1,16,1.4,8,1,9.3,8,1,-5.9,8,1
1881,1,16,1881,1,17,2.3,8,1,8.3,8,1,-4.2,8,1
1881,1,17,1881,1,18,1.7,8,1,8.3,8,1,-2.4,8,1
1881,1,18,1881,1,19,1.4,8,1,6.7,8,1,-2.4,8,1
1881,1,19,1881,1,20,0.8,8,1,6.5,8,1,-3.8,8,1
1881,1,20,1881,1,21,0.5,8,1,6.5,8,1,-6.3,8,1
1881,1,21,1881,1,22,-0.2,8,1,2.9,8,1,-6.3,8,1
1881,1,22,1881,1,23,0.1,8,1,6.6,8,1,-4.6,8,1
1881,1,23,1881,1,24,0.8,8,1,6.6,8,1,-3.3,8,1
1881,1,24,1881,1,25,-1,8,1,4.5,8,1,-5.2,8,1
1881,1,25,1881,1,26,-1.7,8,1,2.2,8,1,-5.7,8,1
1881,1,26,1881,1,27,-0.8,8,1,6.2,8,1,-5.7,8,1
1881,1,27,1881,1,28,1.6,8,1,10.1,8,1,-5.3,8,1
1881,1,28,1881,1,29,2.9,8,1,10.1,8,1,-5.3,8,1
1881,1,29,1881,1,30,0.2,8,1,5.9,8,1,-5.2,8,1
1881,1,30,1881,1,31,-2.3,8,1,2.8,8,1,-6.5,8,1
1881,1,31,1881,2,1,-2.6,8,1,4.7,8,1,-7.8,8,1
1881,2,1,1881,2,2,1.1,8,1,9.6,8,1,-7.8,8,1
1881,2,2,1881,2,3,4.6,8,1,9.6,8,1,-3.7,8,1
1881,2,3,1881,2,4,3.1,8,1,8.5,8,1,-3.3,8,1
1881,2,4,1881,2,5,0.2,8,1,6.3,8,1,-5.8,8,1
1881,2,5,1881,2,6,-1,8,1,4.8,8,1,-7.3,8,1
1881,2,6,1881,2,7,-0.2,8,1,5.9,8,1,-7.3,8,1
1881,2,7,1881,2,8,0.6,8,1,7.2,8,1,-7.2,8,1
1881,2,8,1881,2,9,0.9,8,1,9,8,1,-4.7,8,1
1881,2,9,1881,2,10,2.8,8,1,11.1,8,1,-5.3,8,1
1881,2,10,1881,2,11,2.2,8,1,11.1,8,1,-5.3,8,1
1881,2,11,1881,2,12,0,8,1,4.3,8,1,-7.5,8,1
1881,2,12,1881,2,13,0.9,8,1,7.6,8,1,-7.5,8,1
1881,2,13,1881,2,14,2,8,1,7.6,8,1,-5.2,8,1
1881,2,14,1881,2,15,2.9,8,1,7.9,8,1,-1.2,8,1
1881,2,15,1881,2,16,3.2,8,1,8.7,8,1,-1.2,8,1
1881,2,16,1881,2,17,2.5,8,1,8.7,8,1,-1.1,8,1
1881,2,17,1881,2,18,1.2,8,1,7.2,8,1,-2.9,8,1
1881,2,18,1881,2,19,1.4,8,1,7.2,8,1,-3.7,8,1
1881,2,19,1881,2,20,3.1,8,1,8.4,8,1,-3.7,8,1
1881,2,20,1881,2,21,3.3,8,1,8.4,8,1,-1.5,8,1
1881,2,21,1881,2,22,2.2,8,1,10.2,8,1,-4.3,8,1
1881,2,22,1881,2,23,4.8,8,1,16.3,8,1,-4.3,8,1
1881,2,23,1881,2,24,8.9,8,1,16.3,8,1,-2.7,8,1
1881,2,24,1881,2,25,5.5,8,1,12.6,8,1,-0.4,8,1
1881,2,25,1881,2,26,2,8,1,9.6,8,1,-1.2,8,1
1881,2,26,1881,2,27,3.3,8,1,10.2,8,1,-3.3,8,1
1881,2,27,1881,2,28,6.4,8,1,12.4,8,1,-3.3,8,1
1881,2,28,1881,3,1,7.2,8,1,12.4,8,1,1.3,8,1
1881,3,1,1881,3,2,4.9,8,1,12.3,8,1,1,8,1
1881,3,2,1881,3,3,5.1,8,1,12.3,8,1,0.8,8,1
1881,3,3,1881,3,4,5,8,1,9,8,1,-6.1,8,1
1881,3,4,1881,3,5,1.7,8,1,9,8,1,-6.1,8,1
1881,3,5,1881,3,6,-0.2,8,1,4.4,8,1,-3.2,8,1
1881,3,6,1881,3,7,0.5,8,1,5.8,8,1,-3.6,8,1
1881,3,7,1881,3,8,2.4,8,1,6.8,8,1,-3.6,8,1
1881,3,8,1881,3,9,5.7,8,1,10.4,8,1,-3.1,8,1
1881,3,9,1881,3,10,7.1,8,1,10.4,8,1,3.3,8,1
1881,3,10,1881,3,11,8.5,8,1,10.8,8,1,3.3,8,1
1881,3,11,1881,3,12,7.9,8,1,10.8,8,1,0.3,8,1
1881,3,12,1881,3,13,6.7,8,1,10.2,8,1,-0.8,8,1
1881,3,13,1881,3,14,5.6,8,1,9.9,8,1,-0.8,8,1
1881,3,14,1881,3,15,2.5,8,1,9.8,8,1,-1.9,8,1
1881,3,15,1881,3,16,1.3,8,1,7.2,8,1,-3.8,8,1
1881,3,16,1881,3,17,1.6,8,1,9.1,8,1,-4.6,8,1
1881,3,17,1881,3,18,1.2,8,1,10.4,8,1,-4.7,8,1
1881,3,18,1881,3,19,2.7,8,1,13.9,8,1,-4.7,8,1
1881,3,19,1881,3,20,5.9,8,1,13.9,8,1,-4.1,8,1
1881,3,20,1881,3,21,8,8,1,12.5,8,1,-0.6,8,1
1881,3,21,1881,3,22,7.3,8,1,11.9,8,1,2.6,8,1
1881,3,22,1881,3,23,4.7,8,1,9.2,8,1,0.6,8,1
1881,3,23,1881,3,24,3.6,8,1,9.2,8,1,-2.3,8,1
1881,3,24,1881,3,25,2.9,8,1,8.6,8,1,-4.1,8,1
1881,3,25,1881,3,26,2.9,8,1,11.8,8,1,-5.1,8,1
1881,3,26,1881,3,27,4.7,8,1,15.4,8,1,-5.1,8,1
1881,3,27,1881,3,28,6.3,8,1,15.7,8,1,-3.1,8,1
1881,3,28,1881,3,29,7.3,8,1,15.7,8,1,-3.1,8,1
1881,3,29,1881,3,30,8,8,1,17.2,8,1,-1.1,8,1
1881,3,30,1881,3,31,7.2,8,1,17.2,8,1,-1.9,8,1
1881,3,31,1881,4,1,8.3,8,1,18.9,8,1,-1.9,8,1
1881,4,1,1881,4,2,11.3,8,1,18.9,8,1,-1.8,8,1
1881,4,2,1881,4,3,10.3,8,1,14.1,8,1,1.6,8,1
1881,4,3,1881,4,4,7.8,8,1,14.6,8,1,-1.6,8,1
1881,4,4,1881,4,5,8.3,8,1,14.6,8,1,-1.6,8,1
1881,4,5,1881,4,6,8.9,8,1,12.8,8,1,4.4,8,1
1881,4,6,1881,4,7,8,8,1,14.3,8,1,2.6,8,1
1881,4,7,1881,4,8,8.7,8,1,17.4,8,1,0.8,8,1
1881,4,8,1881,4,9,8.6,8,1,17.4,8,1,-0.5,8,1
1881,4,9,1881,4,10,8,8,1,18.9,8,1,-0.9,8,1
1881,4,10,1881,4,11,11.8,8,1,19.6,8,1,-0.9,8,1
1881,4,11,1881,4,12,14.5,8,1,19.9,8,1,2.6,8,1
1881,4,12,1881,4,13,11.1,8,1,19.9,8,1,5.4,8,1
1881,4,13,1881,4,14,6.8,8,1,11.4,8,1,1.7,8,1
1881,4,14,1881,4,15,6.2,8,1,13.6,8,1,1,8,1
1881,4,15,1881,4,16,8.8,8,1,16.7,8,1,0.7,8,1
1881,4,16,1881,4,17,11,8,1,16.7,8,1,0.7,8,1
1881,4,17,1881,4,18,10.7,8,1,14.7,8,1,4.2,8,1
1881,4,18,1881,4,19,10,8,1,18.7,8,1,1.2,8,1
1881,4,19,1881,4,20,12.4,8,1,18.7,8,1,1.2,8,1
1881,4,20,1881,4,21,13.7,8,1,19.2,8,1,5,8,1
1881,4,21,1881,4,22,10.9,8,1,19.2,8,1,1.3,8,1
1881,4,22,1881,4,23,10.6,8,1,15.4,8,1,1.3,8,1
1881,4,23,1881,4,24,14.1,8,1,22.4,8,1,5.7,8,1
1881,4,24,1881,4,25,17.8,8,1,24.3,8,1,5.7,8,1
1881,4,25,1881,4,26,18.9,8,1,24.3,8,1,13.1,8,1
1881,4,26,1881,4,27,18.7,8,1,25.3,8,1,14.2,8,1
1881,4,27,1881,4,28,18.8,8,1,25.3,8,1,14.2,8,1
1881,4,28,1881,4,29,16.3,8,1,21.7,8,1,8.6,8,1
1881,4,29,1881,4,30,14.8,8,1,23.8,8,1,6.9,8,1
1881,12,31,1882,1,1,1.7,8,1,6.4,8,1,-3,8,1
1882,1,1,1882,1,2,1.7,8,1,8.7,8,1,-2.9,8,1
1882,1,2,1882,1,3,1.7,8,1,8.7,8,1,-4.4,8,1
1882,1,3,1882,1,4,5,8,1,13.9,8,1,-4.4,8,1
1882,1,4,1882,1,5,8.8,8,1,16.3,8,1,1.2,8,1
1882,1,5,1882,1,6,7.7,8,1,16.3,8,1,0.8,8,1
1882,1,6,1882,1,7,5.1,8,1,10.7,8,1,-1.8,8,1
1882,1,7,1882,1,8,5.8,8,1,10.1,8,1,-1.8,8,1
1882,1,8,1882,1,9,4.7,8,1,10.1,8,1,-1.6,8,1
1882,1,9,1882,1,10,3,8,1,10.8,8,1,-2.3,8,1
1882,1,10,1882,1,11,2.6,8,1,10.8,8,1,-2.3,8,1
1882,1,11,1882,1,12,1.7,8,1,5.6,8,1,-1.9,8,1
1882,1,12,1882,1,13,2.2,8,1,7.8,8,1,-1.1,8,1
1882,1,13,1882,1,14,1.9,8,1,7.8,8,1,-3.1,8,1
1882,1,14,1882,1,15,0.9,8,1,5.6,8,1,-3.1,8,1
1882,1,15,1882,1,16,1,8,1,4,8,1,-2.5,8,1
1882,1,16,1882,1,17,1.8,8,1,6.6,8,1,-3.8,8,1
1882,1,17,1882,1,18,3.2,8,1,9.6,8,1,-3.8,8,1
1882,1,18,1882,1,19,4.5,8,1,11.3,8,1,-6.6,8,1
1882,1,19,1882,1,20,5,8,1,13,8,1,-6.6,8,1
1882,1,20,1882,1,21,4.3,8,1,13,8,1,-0.3,8,1
1882,1,21,1882,1,22,3.1,8,1,10.1,8,1,-1.2,8,1
1882,1,22,1882,1,23,3.6,8,1,10.1,8,1,-3.4,8,1
1882,1,23,1882,1,24,5.9,8,1,10.1,8,1,-3.4,8,1
1882,1,24,1882,1,25,7.9,8,1,14.6,8,1,0.8,8,1
1882,1,25,1882,1,26,8.8,8,1,14.6,8,1,0.8,8,1
1882,1,26,1882,1,27,6.2,8,1,11.4,8,1,0.6,8,1
1882,1,27,1882,1,28,2.8,8,1,7.3,8,1,-0.9,8,1
1882,1,28,1882,1,29,3,8,1,8.5,8,1,-0.9,8,1
1882,1,29,1882,1,30,5.7,8,1,10.1,8,1,-0.4,8,1
1882,1,30,1882,1,31,9.2,8,1,14.6,8,1,2.8,8,1
1882,1,31,1882,2,1,8.6,8,1,14.6,8,1,3.7,8,1
1882,2,1,1882,2,2,5.6,8,1,9.1,8,1,-3.1,8,1
1882,2,2,1882,2,3,4.4,8,1,9,8,1,-3.1,8,1
1882,2,3,1882,2,4,4.9,8,1,9,8,1,0.7,8,1
1882,2,4,1882,2,5,7,8,1,10.9,8,1,1.3,8,1
1882,2,5,1882,2,6,6.7,8,1,10.9,8,1,3.9,8,1
1882,2,6,1882,2,7,5.2,8,1,8.2,8,1,2.1,8,1
1882,2,7,1882,2,8,4.1,8,1,7.7,8,1,-0.4,8,1
1882,2,8,1882,2,9,3.2,8,1,7.7,8,1,-0.4,8,1
1882,2,9,1882,2,10,3.7,8,1,9.1,8,1,-0.2,8,1
1882,2,10,1882,2,11,4.4,8,1,9.6,8,1,1.3,8,1
1882,2,11,1882,2,12,4.1,8,1,9.6,8,1,-0.1,8,1
1882,2,12,1882,2,13,2.5,8,1,8.5,8,1,-1.2,8,1
1882,2,13,1882,2,14,2.4,8,1,5.8,8,1,-1.4,8,1
1882,2,14,1882,2,15,4.4,8,1,10.9,8,1,-1.4,8,1
1882,2,15,1882,2,16,6.4,8,1,10.9,8,1,1.2,8,1
1882,2,16,1882,2,17,8.8,8,1,13.9,8,1,4.5,8,1
1882,2,17,1882,2,18,8.6,8,1,13.9,8,1,2.6,8,1
1882,2,18,1882,2,19,6.4,8,1,10.7,8,1,0.3,8,1
1882,2,19,1882,2,20,6,8,1,10.7,8,1,0.3,8,1
1882,2,20,1882,2,21,5.2,8,1,10.2,8,1,-0.4,8,1
1882,2,21,1882,2,22,2.9,8,1,8.4,8,1,-2.5,8,1
1882,2,22,1882,2,23,1.8,8,1,7.4,8,1,-3.4,8,1
1882,2,23,1882,2,24,1.2,8,1,8.4,8,1,-3.4,8,1
1882,2,24,1882,2,25,2.7,8,1,12.4,8,1,-3.3,8,1
1882,2,25,1882,2,26,4.4,8,1,12.4,8,1,-3.1,8,1
1882,2,26,1882,2,27,2.4,8,1,7.6,8,1,-3.2,8,1
1882,2,27,1882,2,28,0.9,8,1,6.2,8,1,-3.2,8,1
1882,2,28,1882,3,1,2.6,8,1,9,8,1,-3.1,8,1
1882,3,1,1882,3,2,3.3,8,1,9,8,1,-2.7,8,1
1882,3,2,1882,3,3,3.6,8,1,11.5,8,1,-3.9,8,1
1882,3,3,1882,3,4,4.4,8,1,11.5,8,1,-3.9,8,1
1882,3,4,1882,3,5,2.7,8,1,10.7,8,1,-2.8,8,1
1882,3,5,1882,3,6,1.6,8,1,6.2,8,1,-3.1,8,1
1882,3,6,1882,3,7,2.5,8,1,10.1,8,1,-5.3,8,1
1882,3,7,1882,3,8,3.2,8,1,10.2,8,1,-5.3,8,1
1882,3,8,1882,3,9,3.6,8,1,10.2,8,1,-1.7,8,1
1882,3,9,1882,3,10,3.5,8,1,12.3,8,1,-4.6,8,1
1882,3,10,1882,3,11,3,8,1,12.3,8,1,-4.6,8,1
1882,3,11,1882,3,12,3.6,8,1,11.2,8,1,-2.8,8,1
1882,3,12,1882,3,13,2.6,8,1,10.1,8,1,-3.7,8,1
1882,3,13,1882,3,14,1.7,8,1,12.8,8,1,-5.7,8,1
1882,3,14,1882,3,15,5.3,8,1,15.2,8,1,-5.7,8,1
1882,3,15,1882,3,16,7.8,8,1,16.1,8,1,-2.1,8,1
1882,3,16,1882,3,17,9.2,8,1,20.9,8,1,0.1,8,1
1882,3,17,1882,3,18,10.9,8,1,20.9,8,1,0.8,8,1
1882,3,18,1882,3,19,11.5,8,1,20.1,8,1,1,8,1
1882,3,19,1882,3,20,9.1,8,1,15.3,8,1,1.8,8,1
1882,3,20,1882,3,21,7.3,8,1,14.2,8,1,-1.6,8,1
1882,3,21,1882,3,22,7,8,1,13.7,8,1,-1.6,8,1
1882,3,22,1882,3,23,4.9,8,1,9.5,8,1,0.9,8,1
1882,3,23,1882,3,24,3.7,8,1,8.9,8,1,0.3,8,1
1882,3,24,1882,3,25,6,8,1,13.2,8,1,0.3,8,1
1882,3,25,1882,3,26,7.9,8,1,14.1,8,1,1.1,8,1
1882,3,26,1882,3,27,6.2,8,1,14.1,8,1,-0.1,8,1
1882,3,27,1882,3,28,6,8,1,11.1,8,1,-1.1,8,1
1882,3,28,1882,3,29,6.8,8,1,13.1,8,1,-1.1,8,1
1882,3,29,1882,3,30,7,8,1,15.2,8,1,-0.9,8,1
1882,3,30,1882,3,31,9.2,8,1,15.2,8,1,-0.9,8,1
1882,3,31,1882,4,1,11.7,8,1,18.1,8,1,-0.5,8,1
1882,4,1,1882,4,2,12.6,8,1,19.3,8,1,8.4,8,1
1882,4,2,1882,4,3,13.1,8,1,19.3,8,1,8.4,8,1
1882,4,3,1882,4,4,13.9,8,1,16,8,1,12.1,8,1
1882,4,4,1882,4,5,11.5,8,1,16,8,1,3.7,8,1
1882,4,5,1882,4,6,8.1,8,1,14.4,8,1,1.7,8,1
1882,4,6,1882,4,7,7.8,8,1,17.3,8,1,-0.6,8,1
1882,4,7,1882,4,8,10.1,8,1,17.4,8,1,-0.6,8,1
1882,4,8,1882,4,9,12.1,8,1,18.9,8,1,1.5,8,1
1882,4,9,1882,4,10,11.8,8,1,21.3,8,1,2.2,8,1
1882,4,10,1882,4,11,15.1,8,1,23.9,8,1,2.2,8,1
1882,4,11,1882,4,12,17.1,8,1,23.9,8,1,6.2,8,1
1882,4,12,1882,4,13,14.5,8,1,17.2,8,1,10.6,8,1
1882,4,13,1882,4,14,11.9,8,1,17.2,8,1,7.3,8,1
1882,4,14,1882,4,15,9.2,8,1,14.6,8,1,1.2,8,1
1882,4,15,1882,4,16,7.9,8,1,15.4,8,1,0.5,8,1
1882,4,16,1882,4,17,9.2,8,1,18.9,8,1,0.5,8,1
1882,4,17,1882,4,18,11.3,8,1,20.6,8,1,1,8,1
1882,4,18,1882,4,19,12.8,8,1,22.5,8,1,3.4,8,1
1882,4,19,1882,4,20,14.1,8,1,22.9,8,1,4.2,8,1
1882,4,20,1882,4,21,16,8,1,22.9,8,1,5.6,8,1
1882,4,21,1882,4,22,16.3,8,1,22.2,8,1,7.9,8,1
1882,4,22,1882,4,23,16.3,8,1,22.4,8,1,8.4,8,1
1882,4,23,1882,4,24,15.8,8,1,22.4,8,1,7.3,8,1
1882,4,24,1882,4,25,13.8,8,1,21.3,8,1,4.6,8,1
1882,4,25,1882,4,26,14.1,8,1,23.9,8,1,4.6,8,1
1882,4,26,1882,4,27,15.6,8,1,23.9,8,1,4.8,8,1
1882,4,27,1882,4,28,16.7,8,1,19.7,8,1,10.8,8,1
1882,4,28,1882,4,29,16.3,8,1,21.3,8,1,9.4,8,1
1882,4,29,1882,4,30,13.6,8,1,21.3,8,1,5.1,8,1
1882,12,31,1883,1,1,5.5,8,1,12.8,8,1,-4.2,8,1
1883,1,1,1883,1,2,3.3,8,1,10.4,8,1,-2.8,8,1
1883,1,2,1883,1,3,1.9,8,1,6.4,8,1,-2.8,8,1
1883,1,3,1883,1,4,1.8,8,1,8.5,8,1,-3.7,8,1
1883,1,4,1883,1,5,1.5,8,1,9.7,8,1,-5.4,8,1
1883,1,5,1883,1,6,1.3,8,1,9.7,8,1,-5.4,8,1
1883,1,6,1883,1,7,1,8,1,7.9,8,1,-6.2,8,1
1883,1,7,1883,1,8,2.2,8,1,10.6,8,1,-6.2,8,1
1883,1,8,1883,1,9,2.9,8,1,10.6,8,1,-2.9,8,1
1883,1,9,1883,1,10,1.9,8,1,10.1,8,1,-3.2,8,1
1883,1,10,1883,1,11,2.8,8,1,11.3,8,1,-4.9,8,1
1883,1,11,1883,1,12,3.6,8,1,11.3,8,1,-4.9,8,1
1883,1,12,1883,1,13,2.9,8,1,9,8,1,-2.7,8,1
1883,1,13,1883,1,14,2.8,8,1,6.8,8,1,-2.4,8,1
1883,1,14,1883,1,15,2.5,8,1,9.4,8,1,-4.6,8,1
1883,1,15,1883,1,16,2.4,8,1,11,8,1,-4.6,8,1
1883,1,16,1883,1,17,1.2,8,1,11,8,1,-4.9,8,1
1883,1,17,1883,1,18,-1.8,8,1,4.5,8,1,-6.4,8,1
1883,1,18,1883,1,19,-2.2,8,1,2.1,8,1,-6.6,8,1
1883,1,19,1883,1,20,-1.2,8,1,2.1,8,1,-6.6,8,1
1883,1,20,1883,1,21,-0.2,8,1,4.6,8,1,-5,8,1
1883,1,21,1883,1,22,1.4,8,1,9.8,8,1,-4.2,8,1
1883,1,22,1883,1,23,2.3,8,1,10.1,8,1,-4.6,8,1
1883,1,23,1883,1,24,3.1,8,1,10.1,8,1,-4.6,8,1
1883,1,24,1883,1,25,5,8,1,8.9,8,1,0.1,8,1
1883,1,25,1883,1,26,6.9,8,1,10.1,8,1,3.1,8,1
1883,1,26,1883,1,27,5.2,8,1,10.1,8,1,-0.2,8,1
1883,1,27,1883,1,28,2.1,8,1,6.6,8,1,-1.7,8,1
1883,1,28,1883,1,29,0.9,8,1,5.3,8,1,-3.1,8,1
1883,1,29,1883,1,30,3,8,1,11.1,8,1,-3.8,8,1
1883,1,30,1883,1,31,5.3,8,1,11.1,8,1,-3.8,8,1
1883,1,31,1883,2,1,3.1,8,1,9.6,8,1,-1.3,8,1
1883,2,1,1883,2,2,1.7,8,1,7.6,8,1,-1.4,8,1
1883,2,2,1883,2,3,1.9,8,1,7.6,8,1,-3.2,8,1
1883,2,3,1883,2,4,1.3,8,1,7.8,8,1,-4.8,8,1
1883,2,4,1883,2,5,1.7,8,1,10.1,8,1,-5.1,8,1
1883,2,5,1883,2,6,2.2,8,1,10.1,8,1,-5.1,8,1
1883,2,6,1883,2,7,1.8,8,1,7.3,8,1,-4.3,8,1
1883,2,7,1883,2,8,1.8,8,1,5.7,8,1,-2.4,8,1
1883,2,8,1883,2,9,0.6,8,1,5.7,8,1,-5.1,8,1
1883,2,9,1883,2,10,-0.4,8,1,6.3,8,1,-5.4,8,1
1883,2,10,1883,2,11,0.8,8,1,8.4,8,1,-5.8,8,1
1883,2,11,1883,2,12,1.7,8,1,11.2,8,1,-6.2,8,1
1883,2,12,1883,2,13,1.8,8,1,11.2,8,1,-6.2,8,1
1883,2,13,1883,2,14,2.5,8,1,7.4,8,1,-4.7,8,1
1883,2,14,1883,2,15,3.2,8,1,7.4,8,1,-0.5,8,1
1883,2,15,1883,2,16,5.6,8,1,10.3,8,1,-0.5,8,1
1883,2,16,1883,2,17,6.9,8,1,10.3,8,1,1.8,8,1
1883,2,17,1883,2,18,3.8,8,1,9.2,8,1,-2.2,8,1
1883,2,18,1883,2,19,4.8,8,1,11.6,8,1,-2.2,8,1
1883,2,19,1883,2,20,5.3,8,1,11.6,8,1,-0.6,8,1
1883,2,20,1883,2,21,4.8,8,1,9.5,8,1,-0.6,8,1
1883,2,21,1883,2,22,5.6,8,1,9.5,8,1,-0.3,8,1
1883,2,22,1883,2,23,4.7,8,1,9.3,8,1,0.9,8,1
1883,2,23,1883,2,24,5.3,8,1,9.6,8,1,1,8,1
1883,2,24,1883,2,25,5.2,8,1,9.6,8,1,-0.4,8,1
1883,2,25,1883,2,26,4.6,8,1,10.2,8,1,-0.4,8,1
1883,2,26,1883,2,27,4.1,8,1,10.2,8,1,-0.2,8,1
1883,2,27,1883,2,28,2.8,8,1,7.8,8,1,-1.4,8,1
1883,2,28,1883,3,1,2.2,8,1,7.1,8,1,-2.2,8,1
1883,3,1,1883,3,2,3.7,8,1,10,8,1,-2.2,8,1
1883,3,2,1883,3,3,4.8,8,1,10,8,1,0,8,1
1883,3,3,1883,3,4,5.8,8,1,12.9,8,1,0,8,1
1883,3,4,1883,3,5,4.6,8,1,12.9,8,1,-1.8,8,1
1883,3,5,1883,3,6,2.6,8,1,9.6,8,1,-3.9,8,1
1883,3,6,1883,3,7,3.4,8,1,10.2,8,1,-3.9,8,1
1883,3,7,1883,3,8,4.6,8,1,11.7,8,1,-2.9,8,1
1883,3,8,1883,3,9,4.6,8,1,11.7,8,1,-2.6,8,1
1883,3,9,1883,3,10,4.3,8,1,10.8,8,1,-2.6,8,1
1883,3,10,1883,3,11,4.2,8,1,10.8,8,1,-2.9,8,1
1883,3,11,1883,3,12,4.1,8,1,11.2,8,1,-3.2,8,1
1883,3,12,1883,3,13,5.6,8,1,13.1,8,1,-3.2,8,1
1883,3,13,1883,3,14,6.1,8,1,13.1,8,1,-0.9,8,1
1883,3,14,1883,3,15,5.8,8,1,13.8,8,1,-5,8,1
1883,3,15,1883,3,16,5,8,1,13.8,8,1,-5,8,1
1883,3,16,1883,3,17,4.6,8,1,10.2,8,1,-0.6,8,1
1883,3,17,1883,3,18,5.3,8,1,13.9,8,1,-2.7,8,1
1883,3,18,1883,3,19,6.8,8,1,14.9,8,1,-2.7,8,1
1883,3,19,1883,3,20,7.4,8,1,14.9,8,1,-1.6,8,1
1883,3,20,1883,3,21,5.1,8,1,10.1,8,1,0.5,8,1
1883,3,21,1883,3,22,4.1,8,1,9.9,8,1,-0.9,8,1
1883,3,22,1883,3,23,5.2,8,1,11.7,8,1,-0.9,8,1
1883,3,23,1883,3,24,7.3,8,1,16.2,8,1,-0.4,8,1
1883,3,24,1883,3,25,9.8,8,1,16.2,8,1,0.4,8,1
1883,3,25,1883,3,26,8.3,8,1,13.2,8,1,3.3,8,1
1883,3,26,1883,3,27,6.1,8,1,13.8,8,1,-2.3,8,1
1883,3,27,1883,3,28,7.8,8,1,13.9,8,1,-2.3,8,1
1883,3,28,1883,3,29,8.6,8,1,14.5,8,1,2.2,8,1
1883,3,29,1883,3,30,8.9,8,1,17.4,8,1,-1,8,1
1883,3,30,1883,3,31,6.6,8,1,17.4,8,1,-1.1,8,1
1883,3,31,1883,4,1,4.4,8,1,13.4,8,1,-2.7,8,1
1883,4,1,1883,4,2,7.3,8,1,17.2,8,1,-2.7,8,1
1883,4,2,1883,4,3,9.6,8,1,17.2,8,1,1.7,8,1
1883,4,3,1883,4,4,9,8,1,13.4,8,1,2.7,8,1
1883,4,4,1883,4,5,8.5,8,1,16.4,8,1,-0.6,8,1
1883,4,5,1883,4,6,9,8,1,16.4,8,1,-0.6,8,1
1883,4,6,1883,4,7,7.8,8,1,13,8,1,2.8,8,1
1883,4,7,1883,4,8,5.8,8,1,10.8,8,1,0.2,8,1
1883,4,8,1883,4,9,6.5,8,1,16.7,8,1,-0.7,8,1
1883,4,9,1883,4,10,10,8,1,20.2,8,1,-0.7,8,1
1883,4,10,1883,4,11,12.4,8,1,20.2,8,1,3.3,8,1
1883,4,11,1883,4,12,10.3,8,1,20.2,8,1,-0.8,8,1
1883,4,12,1883,4,13,9.6,8,1,20.9,8,1,-0.8,8,1
1883,4,13,1883,4,14,11.5,8,1,20.9,8,1,1.2,8,1
1883,4,14,1883,4,15,9.5,8,1,14.1,8,1,5.8,8,1
1883,4,15,1883,4,16,7.1,8,1,12.4,8,1,1.9,8,1
1883,4,16,1883,4,17,7.4,8,1,17.3,8,1,-1.9,8,1
1883,4,17,1883,4,18,11,8,1,21.8,8,1,-1.9,8,1
1883,4,18,1883,4,19,14.9,8,1,21.8,8,1,3,8,1
1883,4,19,1883,4,20,16.4,8,1,18.6,8,1,13.4,8,1
1883,4,20,1883,4,21,16.6,8,1,18.9,8,1,13.8,8,1
1883,4,21,1883,4,22,15.5,8,1,21.4,8,1,7.2,8,1
1883,4,22,1883,4,23,14.4,8,1,21.4,8,1,7.2,8,1
1883,4,23,1883,4,24,13.6,8,1,21.2,8,1,4.7,8,1
1883,4,24,1883,4,25,13,8,1,21.2,8,1,2.7,8,1
1883,4,25,1883,4,26,13.2,8,1,20.6,8,1,2.7,8,1
1883,4,26,1883,4,27,15,8,1,22.4,8,1,7.9,8,1
1883,4,27,1883,4,28,18,8,1,23.2,8,1,7.9,8,1
1883,4,28,1883,4,29,18.5,8,1,23.2,8,1,14.7,8,1
1883,4,29,1883,4,30,16,8,1,22.1,8,1,10.5,8,1
1883,12,31,1884,1,1,-0.7,8,1,4.5,8,1,-4.3,8,1
1884,1,1,1884,1,2,-0.4,8,1,6.5,8,1,-6.5,8,1
1884,1,2,1884,1,3,1.2,8,1,10,8,1,-6.5,8,1
1884,1,3,1884,1,4,3.3,8,1,10.7,8,1,-4.3,8,1
1884,1,4,1884,1,5,5.3,8,1,10.9,8,1,-4.3,8,1
1884,1,5,1884,1,6,4.9,8,1,10.9,8,1,-0.7,8,1
1884,1,6,1884,1,7,2.5,8,1,10,8,1,-4.1,8,1
1884,1,7,1884,1,8,2.1,8,1,9.1,8,1,-4.1,8,1
1884,1,8,1884,1,9,1.1,8,1,7.6,8,1,-3.8,8,1
1884,1,9,1884,1,10,-1.5,8,1,4,8,1,-5,8,1
1884,1,10,1884,1,11,-1.9,8,1,3.4,8,1,-7.3,8,1
1884,1,11,1884,1,12,0.1,8,1,8.5,8,1,-7.3,8,1
1884,1,12,1884,1,13,3.2,8,1,11.3,8,1,-5.3,8,1
1884,1,13,1884,1,14,3.9,8,1,11.3,8,1,-2.1,8,1
1884,1,14,1884,1,15,2.6,8,1,10.3,8,1,-2.1,8,1
1884,1,15,1884,1,16,2.4,8,1,8.1,8,1,-1.9,8,1
1884,1,16,1884,1,17,2,8,1,7.4,8,1,-3.8,8,1
1884,1,17,1884,1,18,1.7,8,1,6.7,8,1,-3.8,8,1
1884,1,18,1884,1,19,0.7,8,1,5.6,8,1,-6.4,8,1
1884,1,19,1884,1,20,-0.5,8,1,4.7,8,1,-6.4,8,1
1884,1,20,1884,1,21,0.5,8,1,5,8,1,-4.5,8,1
1884,1,21,1884,1,22,0.5,8,1,6.3,8,1,-7,8,1
1884,1,22,1884,1,23,0.4,8,1,6.3,8,1,-7,8,1
1884,1,23,1884,1,24,3.7,8,1,11.2,8,1,-2.6,8,1
1884,1,24,1884,1,25,4.7,8,1,11.2,8,1,-0.8,8,1
1884,1,25,1884,1,26,2.9,8,1,9.1,8,1,-4.6,8,1
1884,1,26,1884,1,27,3.6,8,1,8.6,8,1,-4.6,8,1
1884,1,27,1884,1,28,4.2,8,1,10.1,8,1,-0.1,8,1
1884,1,28,1884,1,29,3.8,8,1,10.1,8,1,-0.3,8,1
1884,1,29,1884,1,30,2.2,8,1,10.1,8,1,-1.7,8,1
1884,1,30,1884,1,31,0.1,8,1,3.1,8,1,-1.7,8,1
1884,1,31,1884,2,1,0.3,8,1,4.5,8,1,-2.7,8,1
1884,2,1,1884,2,2,1.2,8,1,5.6,8,1,-2.7,8,1
1884,2,2,1884,2,3,1.1,8,1,7.9,8,1,-5.4,8,1
1884,2,3,1884,2,4,0.7,8,1,7.9,8,1,-5.4,8,1
1884,2,4,1884,2,5,1.4,8,1,5.8,8,1,-1.3,8,1
1884,2,5,1884,2,6,1.5,8,1,5.8,8,1,-3.6,8,1
1884,2,6,1884,2,7,1,8,1,5.1,8,1,-3.6,8,1
1884,2,7,1884,2,8,0.6,8,1,5.1,8,1,-2.7,8,1
1884,2,8,1884,2,9,-0.5,8,1,3.9,8,1,-6.5,8,1
1884,2,9,1884,2,10,-1.4,8,1,3.9,8,1,-8.1,8,1
1884,2,10,1884,2,11,-1.4,8,1,5.2,8,1,-8.1,8,1
1884,2,11,1884,2,12,-0.9,8,1,5.9,8,1,-7.2,8,1
1884,2,12,1884,2,13,0.1,8,1,5.9,8,1,-6.9,8,1
1884,2,13,1884,2,14,2.3,8,1,8.8,8,1,-3.8,8,1
1884,2,14,1884,2,15,2.5,8,1,8.8,8,1,-1.8,8,1
1884,2,15,1884,2,16,0.5,8,1,6,8,1,-5.3,8,1
1884,2,16,1884,2,17,0.8,8,1,6.7,8,1,-5.3,8,1
1884,2,17,1884,2,18,1.5,8,1,6.7,8,1,-2.1,8,1
1884,2,18,1884,2,19,1.8,8,1,8.7,8,1,-4.6,8,1
1884,2,19,1884,2,20,2.6,8,1,8.7,8,1,-4.6,8,1
1884,2,20,1884,2,21,2.3,8,1,8.7,8,1,-4.7,8,1
1884,2,21,1884,2,22,3,8,1,8.7,8,1,-4.7,8,1
1884,2,22,1884,2,23,3.6,8,1,8.7,8,1,0.2,8,1
1884,2,23,1884,2,24,2.5,8,1,7.3,8,1,-1.6,8,1
1884,2,24,1884,2,25,0.4,8,1,6.7,8,1,-9.2,8,1
1884,2,25,1884,2,26,0.9,8,1,8.1,8,1,-9.2,8,1
1884,2,26,1884,2,27,3.3,8,1,11.4,8,1,-2.4,8,1
1884,2,27,1884,2,28,4.5,8,1,11.4,8,1,-2.7,8,1
1884,2,28,1884,2,29,6.9,8,1,14.1,8,1,-2.7,8,1
1884,2,29,1884,3,1,7.2,8,1,14.1,8,1,0.6,8,1
1884,3,1,1884,3,2,5.8,8,1,12,8,1,-0.5,8,1
1884,3,2,1884,3,3,6.8,8,1,12,8,1,-0.5,8,1
1884,3,3,1884,3,4,6.4,8,1,10.2,8,1,2.5,8,1
1884,3,4,1884,3,5,4.4,8,1,10.2,8,1,-1.7,8,1
1884,3,5,1884,3,6,4.8,8,1,13.2,8,1,-2.7,8,1
1884,3,6,1884,3,7,7.1,8,1,13.2,8,1,-2.7,8,1
1884,3,7,1884,3,8,7.1,8,1,10.7,8,1,1.8,8,1
1884,3,8,1884,3,9,4.2,8,1,10.7,8,1,-1.3,8,1
1884,3,9,1884,3,10,2,8,1,7.8,8,1,-2.2,8,1
1884,3,10,1884,3,11,2.7,8,1,10.3,8,1,-4.8,8,1
1884,3,11,1884,3,12,4.5,8,1,10.3,8,1,-4.8,8,1
1884,3,12,1884,3,13,4.3,8,1,8.2,8,1,0.6,8,1
1884,3,13,1884,3,14,3.7,8,1,8.2,8,1,-2.5,8,1
1884,3,14,1884,3,15,4.5,8,1,11.8,8,1,-2.5,8,1
1884,3,15,1884,3,16,5.5,8,1,11.8,8,1,-0.8,8,1
1884,3,16,1884,3,17,6,8,1,9.7,8,1,-0.1,8,1
1884,3,17,1884,3,18,5,8,1,9.7,8,1,0.6,8,1
1884,3,18,1884,3,19,4,8,1,11.3,8,1,-2.3,8,1
1884,3,19,1884,3,20,6.1,8,1,15.6,8,1,-2.3,8,1
1884,3,20,1884,3,21,8.8,8,1,15.8,8,1,-1.8,8,1
1884,3,21,1884,3,22,9.7,8,1,15.8,8,1,2.2,8,1
1884,3,22,1884,3,23,9.2,8,1,14.4,8,1,2.2,8,1
1884,3,23,1884,3,24,7.1,8,1,13.9,8,1,2.4,8,1
1884,3,24,1884,3,25,5.1,8,1,12.2,8,1,-1.6,8,1
1884,3,25,1884,3,26,5.5,8,1,12.2,8,1,-1.6,8,1
1884,3,26,1884,3,27,7.9,8,1,16.7,8,1,0.2,8,1
1884,3,27,1884,3,28,7.2,8,1,16.7,8,1,0.8,8,1
1884,3,28,1884,3,29,4.4,8,1,11.2,8,1,-2.7,8,1
1884,3,29,1884,3,30,4.3,8,1,11.7,8,1,-2.7,8,1
1884,3,30,1884,3,31,4.4,8,1,11.7,8,1,-3.3,8,1
1884,3,31,1884,4,1,5.9,8,1,10.1,8,1,-3.3,8,1
1884,4,1,1884,4,2,5.9,8,1,10.1,8,1,1.4,8,1
1884,4,2,1884,4,3,4.3,8,1,11.5,8,1,-3.7,8,1
1884,4,3,1884,4,4,6.9,8,1,17.6,8,1,-3.7,8,1
1884,4,4,1884,4,5,10.5,8,1,17.6,8,1,-0.8,8,1
1884,4,5,1884,4,6,12.8,8,1,18.8,8,1,9.2,8,1
1884,4,6,1884,4,7,12.1,8,1,18.8,8,1,7.7,8,1
1884,4,7,1884,4,8,9.2,8,1,14.4,8,1,4.6,8,1
1884,4,8,1884,4,9,7.7,8,1,14.4,8,1,0.2,8,1
1884,4,9,1884,4,10,7.3,8,1,16.6,8,1,-1.8,8,1
1884,4,10,1884,4,11,9.9,8,1,16.6,8,1,-1.8,8,1
1884,4,11,1884,4,12,13.4,8,1,17.1,8,1,6.1,8,1
1884,4,12,1884,4,13,14.6,8,1,19.3,8,1,10.4,8,1
1884,4,13,1884,4,14,13.6,8,1,21.4,8,1,4.1,8,1
1884,4,14,1884,4,15,14.1,8,1,22.8,8,1,4.1,8,1
1884,4,15,1884,4,16,15.9,8,1,22.8,8,1,7.2,8,1
1884,4,16,1884,4,17,15,8,1,22.3,8,1,9.4,8,1
1884,4,17,1884,4,18,13.3,8,1,20.1,8,1,6.2,8,1
1884,4,18,1884,4,19,12.9,8,1,20.4,8,1,4.9,8,1
1884,4,19,1884,4,20,13.3,8,1,23.9,8,1,3.8,8,1
1884,4,20,1884,4,21,14.9,8,1,23.9,8,1,3.8,8,1
1884,4,21,1884,4,22,15.3,8,1,23.2,8,1,7.3,8,1
1884,4,22,1884,4,23,12.3,8,1,18.9,8,1,6.9,8,1
1884,4,23,1884,4,24,10.2,8,1,17.2,8,1,4.3,8,1
1884,4,24,1884,4,25,12.6,8,1,22.4,8,1,4.3,8,1
1884,4,25,1884,4,26,15.3,8,1,22.4,8,1,7.1,8,1
1884,4,26,1884,4,27,14.9,8,1,22.2,8,1,10.1,8,1
1884,4,27,1884,4,28,11.5,8,1,17.6,8,1,2.9,8,1
1884,4,28,1884,4,29,9.7,8,1,16.7,8,1,1.5,8,1
1884,4,29,1884,4,30,11.4,8,1,20.5,8,1,1.5,8,1
1884,12,31,1885,1,1,0.6,8,1,8.4,8,1,-5.3,8,1
1885,1,1,1885,1,2,1.2,8,1,8.4,8,1,-5.3,8,1
1885,1,2,1885,1,3,1.1,8,1,5.8,8,1,-3.6,8,1
1885,1,3,1885,1,4,0.7,8,1,6.2,8,1,-4.1,8,1
1885,1,4,1885,1,5,1.5,8,1,9.6,8,1,-4.1,8,1
1885,1,5,1885,1,6,2.4,8,1,10.3,8,1,-4.1,8,1
1885,1,6,1885,1,7,1.6,8,1,10.3,8,1,-4.1,8,1
1885,1,7,1885,1,8,1.5,8,1,6.8,8,1,-2.8,8,1
1885,1,8,1885,1,9,1.9,8,1,6.8,8,1,-1.8,8,1
1885,1,9,1885,1,10,1,8,1,5.6,8,1,-4.8,8,1
1885,1,10,1885,1,11,1.3,8,1,5.6,8,1,-4.8,8,1
1885,1,11,1885,1,12,1.1,8,1,4.4,8,1,-3.7,8,1
1885,1,12,1885,1,13,-0.4,8,1,4.4,8,1,-4.2,8,1
1885,1,13,1885,1,14,-1,8,1,3.6,8,1,-7.3,8,1
1885,1,14,1885,1,15,0.1,8,1,4.6,8,1,-7.3,8,1
1885,1,15,1885,1,16,0.7,8,1,5,8,1,-2.9,8,1
1885,1,16,1885,1,17,0.8,8,1,6.7,8,1,-2.9,8,1
1885,1,17,1885,1,18,1.7,8,1,6.9,8,1,-2.5,8,1
1885,1,18,1885,1,19,1.7,8,1,6.9,8,1,-2.4,8,1
1885,1,19,1885,1,20,0.5,8,1,6.7,8,1,-3.8,8,1
1885,1,20,1885,1,21,-0.7,8,1,4.3,8,1,-7.5,8,1
1885,1,21,1885,1,22,0.8,8,1,9,8,1,-7.5,8,1
1885,1,22,1885,1,23,1.4,8,1,9,8,1,-3.4,8,1
1885,1,23,1885,1,24,0.9,8,1,8.7,8,1,-4.4,8,1
1885,1,24,1885,1,25,2.6,8,1,8.7,8,1,-4.4,8,1
1885,1,25,1885,1,26,2.9,8,1,8.3,8,1,-1.8,8,1
1885,1,26,1885,1,27,1.5,8,1,7.6,8,1,-5.2,8,1
1885,1,27,1885,1,28,-0.1,8,1,7.6,8,1,-5.2,8,1
1885,1,28,1885,1,29,-1.8,8,1,4.1,8,1,-9,8,1
1885,1,29,1885,1,30,-1.7,8,1,4.1,8,1,-9,8,1
1885,1,30,1885,1,31,-0.5,8,1,5.1,8,1,-6.8,8,1
1885,1,31,1885,2,1,1.3,8,1,8.9,8,1,-5.9,8,1
1885,2,1,1885,2,2,1.7,8,1,8.9,8,1,-3.3,8,1
1885,2,2,1885,2,3,0.8,8,1,5.4,8,1,-4.1,8,1
1885,2,3,1885,2,4,0.4,8,1,6.1,8,1,-5.8,8,1
1885,2,4,1885,2,5,0.7,8,1,8.4,8,1,-6.5,8,1
1885,2,5,1885,2,6,2.5,8,1,8.4,8,1,-6.5,8,1
1885,2,6,1885,2,7,2.4,8,1,7.7,8,1,-2.2,8,1
1885,2,7,1885,2,8,0.9,8,1,7.2,8,1,-4.8,8,1
1885,2,8,1885,2,9,0.9,8,1,8.3,8,1,-6.1,8,1
1885,2,9,1885,2,10,0.7,8,1,8.3,8,1,-6.1,8,1
1885,2,10,1885,2,11,0.6,8,1,5.8,8,1,-3.7,8,1
1885,2,11,1885,2,12,-0.2,8,1,5.8,8,1,-4,8,1
1885,2,12,1885,2,13,-0.6,8,1,2.4,8,1,-4,8,1
1885,2,13,1885,2,14,1,8,1,7.8,8,1,-3.1,8,1
1885,2,14,1885,2,15,1.1,8,1,7.8,8,1,-5.8,8,1
1885,2,15,1885,2,16,-0.3,8,1,6.2,8,1,-5.8,8,1
1885,2,16,1885,2,17,-0.4,8,1,5.9,8,1,-6.4,8,1
1885,2,17,1885,2,18,-0.8,8,1,5.9,8,1,-6.4,8,1
1885,2,18,1885,2,19,-1.4,8,1,3.4,8,1,-5.7,8,1
1885,2,19,1885,2,20,0.1,8,1,6.1,8,1,-5.7,8,1
1885,2,20,1885,2,21,2.3,8,1,6.2,8,1,-3.4,8,1
1885,2,21,1885,2,22,2.7,8,1,7.8,8,1,-1.6,8,1
1885,2,22,1885,2,23,2.2,8,1,9.1,8,1,-3.6,8,1
1885,2,23,1885,2,24,3.6,8,1,9.1,8,1,-3.6,8,1
1885,2,24,1885,2,25,4.9,8,1,9.4,8,1,-2.9,8,1
1885,2,25,1885,2,26,3.1,8,1,9.4,8,1,-3.3,8,1
1885,2,26,1885,2,27,1.3,8,1,7.8,8,1,-3.8,8,1
1885,2,27,1885,2,28,2.2,8,1,10.3,8,1,-3.8,8,1
1885,2,28,1885,3,1,3.1,8,1,10.3,8,1,-4.1,8,1
1885,3,1,1885,3,2,2.8,8,1,11.4,8,1,-5.8,8,1
1885,3,2,1885,3,3,3.6,8,1,11.4,8,1,-5.8,8,1
1885,3,3,1885,3,4,4.2,8,1,10.7,8,1,-2.9,8,1
1885,3,4,1885,3,5,4.5,8,1,11.9,8,1,-4.7,8,1
1885,3,5,1885,3,6,6.6,8,1,12.3,8,1,-4.7,8,1
1885,3,6,1885,3,7,5.7,8,1,12.3,8,1,-2.1,8,1
1885,3,7,1885,3,8,2.5,8,1,7.9,8,1,-3.2,8,1
1885,3,8,1885,3,9,0.8,8,1,7.3,8,1,-6.4,8,1
1885,3,9,1885,3,10,0.6,8,1,6.4,8,1,-6.4,8,1
1885,3,10,1885,3,11,0.8,8,1,7.4,8,1,-6.2,8,1
1885,3,11,1885,3,12,0.8,8,1,7.4,8,1,-6.2,8,1
1885,3,12,1885,3,13,0.9,8,1,7.3,8,1,-6.3,8,1
1885,3,13,1885,3,14,0.9,8,1,8.4,8,1,-6.3,8,1
1885,3,14,1885,3,15,2.2,8,1,10.7,8,1,-5.3,8,1
1885,3,15,1885,3,16,3.9,8,1,10.7,8,1,-5.3,8,1
1885,3,16,1885,3,17,4.2,8,1,9.1,8,1,1.1,8,1
1885,3,17,1885,3,18,2.8,8,1,7.5,8,1,-3.5,8,1
1885,3,18,1885,3,19,2.4,8,1,10.5,8,1,-3.8,8,1
1885,3,19,1885,3,20,5.4,8,1,14.3,8,1,-3.8,8,1
1885,3,20,1885,3,21,7,8,1,14.3,8,1,-1.1,8,1
1885,3,21,1885,3,22,7,8,1,14.5,8,1,0,8,1
1885,3,22,1885,3,23,7,8,1,14.5,8,1,0,8,1
1885,3,23,1885,3,24,3.8,8,1,11.7,8,1,-1.1,8,1
1885,3,24,1885,3,25,2.9,8,1,9.3,8,1,-1.1,8,1
1885,3,25,1885,3,26,4.1,8,1,9.3,8,1,-0.8,8,1
1885,3,26,1885,3,27,4.2,8,1,9.6,8,1,0.7,8,1
1885,3,27,1885,3,28,3.8,8,1,9.6,8,1,-1.2,8,1
1885,3,28,1885,3,29,3.4,8,1,9.1,8,1,-1.7,8,1
1885,3,29,1885,3,30,5.7,8,1,13.3,8,1,-1.7,8,1
1885,3,30,1885,3,31,7.8,8,1,14.1,8,1,2.8,8,1
1885,3,31,1885,4,1,7.5,8,1,14.1,8,1,0.8,8,1
1885,4,1,1885,4,2,6.8,8,1,11.9,8,1,0.8,8,1
1885,4,2,1885,4,3,6.7,8,1,13.1,8,1,-1.2,8,1
1885,4,3,1885,4,4,8.6,8,1,13.1,8,1,-1.2,8,1
1885,4,4,1885,4,5,9.4,8,1,12,8,1,6.5,8,1
1885,4,5,1885,4,6,9.3,8,1,10.7,8,1,6.5,8,1
1885,4,6,1885,4,7,11.3,8,1,15.4,8,1,8.6,8,1
1885,4,7,1885,4,8,15.5,8,1,23.4,8,1,9.3,8,1
1885,4,8,1885,4,9,14.3,8,1,23.4,8,1,6.9,8,1
1885,4,9,1885,4,10,10,8,1,17.8,8,1,1.4,8,1
1885,4,10,1885,4,11,10.1,8,1,16.6,8,1,1.4,8,1
1885,4,11,1885,4,12,11.6,8,1,16.4,8,1,8,8,1
1885,4,12,1885,4,13,13.4,8,1,16.7,8,1,9.5,8,1
1885,4,13,1885,4,14,13.9,8,1,18.4,8,1,8.1,8,1
1885,4,14,1885,4,15,11.3,8,1,18.4,8,1,1.9,8,1
1885,4,15,1885,4,16,10.4,8,1,19.1,8,1,1.9,8,1
1885,4,16,1885,4,17,12.6,8,1,19.1,8,1,2.6,8,1
1885,4,17,1885,4,18,12.5,8,1,17.7,8,1,6.9,8,1
1885,4,18,1885,4,19,12.5,8,1,19.9,8,1,3.4,8,1
1885,4,19,1885,4,20,13.2,8,1,19.9,8,1,3.4,8,1
1885,4,20,1885,4,21,13.9,8,1,17.9,8,1,10.9,8,1
1885,4,21,1885,4,22,13.9,8,1,18.8,8,1,8.4,8,1
1885,4,22,1885,4,23,13.8,8,1,21.2,8,1,4.7,8,1
1885,4,23,1885,4,24,14.7,8,1,21.2,8,1,4.7,8,1
1885,4,24,1885,4,25,15.5,8,1,22.8,8,1,7.8,8,1
1885,4,25,1885,4,26,16.5,8,1,22.8,8,1,7.8,8,1
1885,4,26,1885,4,27,16.6,8,1,20.4,8,1,12.9,8,1
1885,4,27,1885,4,28,17.2,8,1,25.8,8,1,8.5,8,1
1885,4,28,1885,4,29,17.5,8,1,25.8,8,1,8.5,8,1
1885,4,29,1885,4,30,14.5,8,1,18.7,8,1,7.2,8,1
1885,12,31,1886,1,1,1.4,8,1,6.5,8,1,-4.6,8,1
1886,1,1,1886,1,2,2.8,8,1,8.9,8,1,-1.9,8,1
1886,1,2,1886,1,3,2.9,8,1,8.9,8,1,-3.1,8,1
1886,1,3,1886,1,4,1,8,1,7.1,8,1,-3.2,8,1
1886,1,4,1886,1,5,-1.2,8,1,3.5,8,1,-10.8,8,1
1886,1,5,1886,1,6,-1.3,8,1,5.2,8,1,-10.8,8,1
1886,1,6,1886,1,7,0.6,8,1,8.3,8,1,-8.3,8,1
1886,1,7,1886,1,8,2.4,8,1,10.9,8,1,-5.7,8,1
1886,1,8,1886,1,9,3.9,8,1,10.9,8,1,-2.7,8,1
1886,1,9,1886,1,10,4,8,1,10.9,8,1,-2.7,8,1
1886,1,10,1886,1,11,2.8,8,1,10.9,8,1,-3.6,8,1
1886,1,11,1886,1,12,0.6,8,1,7.7,8,1,-3.6,8,1
1886,1,12,1886,1,13,-0.3,8,1,5.3,8,1,-3.8,8,1
1886,1,13,1886,1,14,1.5,8,1,8.2,8,1,-3.8,8,1
1886,1,14,1886,1,15,3.8,8,1,8.2,8,1,-3.5,8,1
1886,1,15,1886,1,16,3.3,8,1,7.7,8,1,-1.1,8,1
1886,1,16,1886,1,17,1.6,8,1,7.3,8,1,-3.2,8,1
1886,1,17,1886,1,18,2,8,1,8.4,8,1,-3.2,8,1
1886,1,18,1886,1,19,1.8,8,1,8.4,8,1,-4.3,8,1
1886,1,19,1886,1,20,1.1,8,1,7.8,8,1,-6.4,8,1
1886,1,20,1886,1,21,2.7,8,1,10,8,1,-6.4,8,1
1886,1,21,1886,1,22,2.5,8,1,10,8,1,-2.3,8,1
1886,1,22,1886,1,23,1.3,8,1,7.3,8,1,-4,8,1
1886,1,23,1886,1,24,2,8,1,7.3,8,1,-4,8,1
1886,1,24,1886,1,25,1.2,8,1,4.4,8,1,-5.1,8,1
1886,1,25,1886,1,26,0.9,8,1,6.6,8,1,-5.1,8,1
1886,1,26,1886,1,27,1.2,8,1,6.6,8,1,-4.6,8,1
1886,1,27,1886,1,28,0.1,8,1,5.1,8,1,-6.8,8,1
1886,1,28,1886,1,29,-0.3,8,1,6.9,8,1,-7,8,1
1886,1,29,1886,1,30,0.5,8,1,6.9,8,1,-7,8,1
1886,1,30,1886,1,31,-0.2,8,1,2.2,8,1,-5.2,8,1
1886,1,31,1886,2,1,-1.2,8,1,2.8,8,1,-5.2,8,1
1886,2,1,1886,2,2,-1.6,8,1,2.8,8,1,-10.3,8,1
1886,2,2,1886,2,3,-2.2,8,1,4.9,8,1,-10.3,8,1
1886,2,3,1886,2,4,-1.6,8,1,4.9,8,1,-9.7,8,1
1886,2,4,1886,2,5,1.1,8,1,11.2,8,1,-9.7,8,1
1886,2,5,1886,2,6,4.6,8,1,11.2,8,1,-3.8,8,1
1886,2,6,1886,2,7,5.9,8,1,10.1,8,1,-1.7,8,1
1886,2,7,1886,2,8,2.3,8,1,10.1,8,1,-5.1,8,1
1886,2,8,1886,2,9,-0.8,8,1,3.4,8,1,-5.1,8,1
1886,2,9,1886,2,10,0.5,8,1,7.3,8,1,-4.4,8,1
1886,2,10,1886,2,11,2,8,1,8,8,1,-2.7,8,1
1886,2,11,1886,2,12,1.6,8,1,8,8,1,-3.3,8,1
1886,2,12,1886,2,13,0.6,8,1,5,8,1,-3.7,8,1
1886,2,13,1886,2,14,1,8,1,6.4,8,1,-3.7,8,1
1886,2,14,1886,2,15,1.4,8,1,6.6,8,1,-3.2,8,1
1886,2,15,1886,2,16,1,8,1,6.6,8,1,-2.2,8,1
1886,2,16,1886,2,17,-0.3,8,1,3.4,8,1,-4.8,8,1
1886,2,17,1886,2,18,-1,8,1,6.9,8,1,-10.3,8,1
1886,2,18,1886,2,19,-0.2,8,1,6.9,8,1,-10.3,8,1
1886,2,19,1886,2,20,0.1,8,1,5.2,8,1,-4.3,8,1
1886,2,20,1886,2,21,0.5,8,1,5.6,8,1,-4.3,8,1
1886,2,21,1886,2,22,1.6,8,1,7.2,8,1,-3.8,8,1
1886,2,22,1886,2,23,1.5,8,1,7.4,8,1,-4.1,8,1
1886,2,23,1886,2,24,0.9,8,1,7.4,8,1,-4.8,8,1
1886,2,24,1886,2,25,0.9,8,1,7.3,8,1,-4.8,8,1
1886,2,25,1886,2,26,2.5,8,1,7.7,8,1,-4.5,8,1
1886,2,26,1886,2,27,3.7,8,1,7.7,8,1,-1.2,8,1
1886,2,27,1886,2,28,2.8,8,1,9.4,8,1,-5.1,8,1
1886,2,28,1886,3,1,2.3,8,1,9.4,8,1,-5.1,8,1
1886,3,1,1886,3,2,3.7,8,1,10,8,1,-4.6,8,1
1886,3,2,1886,3,3,5.5,8,1,10,8,1,-0.2,8,1
1886,3,3,1886,3,4,6.2,8,1,12.7,8,1,0.5,8,1
1886,3,4,1886,3,5,6.2,8,1,12.7,8,1,0.5,8,1
1886,3,5,1886,3,6,5.5,8,1,12.4,8,1,-0.9,8,1
1886,3,6,1886,3,7,5.1,8,1,15.1,8,1,-3.6,8,1
1886,3,7,1886,3,8,7.4,8,1,15.1,8,1,-3.6,8,1
1886,3,8,1886,3,9,9.9,8,1,15.1,8,1,0.7,8,1
1886,3,9,1886,3,10,7.5,8,1,15.1,8,1,0.2,8,1
1886,3,10,1886,3,11,3.4,8,1,9.1,8,1,-1.9,8,1
1886,3,11,1886,3,12,3.1,8,1,11.2,8,1,-5,8,1
1886,3,12,1886,3,13,5.9,8,1,11.2,8,1,-5,8,1
1886,3,13,1886,3,14,7.6,8,1,13.9,8,1,1.3,8,1
1886,3,14,1886,3,15,7.2,8,1,17.2,8,1,-3.2,8,1
1886,3,15,1886,3,16,9.8,8,1,17.2,8,1,-3.2,8,1
1886,3,16,1886,3,17,13.1,8,1,17.1,8,1,6.9,8,1
1886,3,17,1886,3,18,13.7,8,1,17.1,8,1,8.8,8,1
1886,3,18,1886,3,19,11.8,8,1,16.4,8,1,3.2,8,1
1886,3,19,1886,3,20,7.2,8,1,15.2,8,1,-1.6,8,1
1886,3,20,1886,3,21,4.1,8,1,10.1,8,1,-1.6,8,1
1886,3,21,1886,3,22,6.1,8,1,14.4,8,1,1.1,8,1
1886,3,22,1886,3,23,9.1,8,1,14.4,8,1,3,8,1
1886,3,23,1886,3,24,9.5,8,1,13.2,8,1,3,8,1
1886,3,24,1886,3,25,7.7,8,1,12.8,8,1,0.6,8,1
1886,3,25,1886,3,26,6.8,8,1,11.8,8,1,0.6,8,1
1886,3,26,1886,3,27,5.9,8,1,11.2,8,1,1.1,8,1
1886,3,27,1886,3,28,4,8,1,9.6,8,1,-1.7,8,1
1886,3,28,1886,3,29,4.6,8,1,11.4,8,1,-1.7,8,1
1886,3,29,1886,3,30,6.8,8,1,17,8,1,-2,8,1
1886,3,30,1886,3,31,8.7,8,1,17,8,1,-2,8,1
1886,3,31,1886,4,1,11.2,8,1,19.6,8,1,2.7,8,1
1886,4,1,1886,4,2,11.4,8,1,19.6,8,1,1.7,8,1
1886,4,2,1886,4,3,9.8,8,1,18.7,8,1,-0.6,8,1
1886,4,3,1886,4,4,11.2,8,1,19.4,8,1,-0.6,8,1
1886,4,4,1886,4,5,14,8,1,19.4,8,1,3.7,8,1
1886,4,5,1886,4,6,12.7,8,1,17.9,8,1,3,8,1
1886,4,6,1886,4,7,10.2,8,1,17.9,8,1,-0.1,8,1
1886,4,7,1886,4,8,11.3,8,1,17.9,8,1,-0.1,8,1
1886,4,8,1886,4,9,12.2,8,1,17.6,8,1,7.4,8,1
1886,4,9,1886,4,10,11.7,8,1,17.6,8,1,6.3,8,1
1886,4,10,1886,4,11,13.2,8,1,25.1,8,1,6.3,8,1
1886,4,11,1886,4,12,12.7,8,1,25.1,8,1,6.9,8,1
1886,4,12,1886,4,13,11.2,8,1,17.1,8,1,6.8,8,1
1886,4,13,1886,4,14,10.9,8,1,18.8,8,1,2.4,8,1
1886,4,14,1886,4,15,10.7,8,1,20.5,8,1,0.1,8,1
1886,4,15,1886,4,16,13.2,8,1,20.5,8,1,0.1,8,1
1886,4,16,1886,4,17,14.9,8,1,20,8,1,11.6,8,1
1886,4,17,1886,4,18,13.8,8,1,20,8,1,10.7,8,1
1886,4,18,1886,4,19,12.8,8,1,16.5,8,1,9.9,8,1
1886,4,19,1886,4,20,12.8,8,1,17.8,8,1,8.4,8,1
1886,4,20,1886,4,21,11.6,8,1,18.3,8,1,3.5,8,1
1886,4,21,1886,4,22,10.6,8,1,18.9,8,1,1.7,8,1
1886,4,22,1886,4,23,11.5,8,1,21.7,8,1,1.7,8,1
1886,4,23,1886,4,24,14.2,8,1,23.9,8,1,2.6,8,1
1886,4,24,1886,4,25,15.1,8,1,23.9,8,1,6.2,8,1
1886,4,25,1886,4,26,12.7,8,1,17.7,8,1,3.8,8,1
1886,4,26,1886,4,27,11.9,8,1,20.1,8,1,3.8,8,1
1886,4,27,1886,4,28,12.4,8,1,20.1,8,1,5.2,8,1
1886,4,28,1886,4,29,12.9,8,1,18.1,8,1,8.6,8,1
1886,4,29,1886,4,30,14.7,8,1,20.7,8,1,8.6,8,1
1886,12,31,1887,1,1,1.7,8,1,6.9,8,1,-3.2,8,1
1887,1,1,1887,1,2,2.1,8,1,11.7,8,1,-4.8,8,1
1887,1,2,1887,1,3,3.2,8,1,11.7,8,1,-4.8,8,1
1887,1,3,1887,1,4,2,8,1,9.8,8,1,-2.7,8,1
1887,1,4,1887,1,5,0.9,8,1,5.4,8,1,-3.7,8,1
1887,1,5,1887,1,6,1,8,1,5.6,8,1,-3.7,8,1
1887,1,6,1887,1,7,0.5,8,1,5.6,8,1,-3.1,8,1
1887,1,7,1887,1,8,-0.4,8,1,3.7,8,1,-4.8,8,1
1887,1,8,1887,1,9,0.1,8,1,5.1,8,1,-4.8,8,1
1887,1,9,1887,1,10,1.4,8,1,5.1,8,1,-2.6,8,1
1887,1,10,1887,1,11,3.1,8,1,6.6,8,1,-1.7,8,1
1887,1,11,1887,1,12,4.7,8,1,9.1,8,1,-0.1,8,1
1887,1,12,1887,1,13,4.2,8,1,9.6,8,1,-3.6,8,1
1887,1,13,1887,1,14,3.4,8,1,9.6,8,1,-3.6,8,1
1887,1,14,1887,1,15,3,8,1,6,8,1,-1.8,8,1
1887,1,15,1887,1,16,1.1,8,1,6,8,1,-3.2,8,1
1887,1,16,1887,1,17,0.5,8,1,6.2,8,1,-3.8,8,1
1887,1,17,1887,1,18,2.3,8,1,6.2,8,1,-3.8,8,1
1887,1,18,1887,1,19,3.1,8,1,5.9,8,1,-1.2,8,1
1887,1,19,1887,1,20,5.3,8,1,10.3,8,1,-1.2,8,1
1887,1,20,1887,1,21,8.2,8,1,10.9,8,1,3.2,8,1
1887,1,21,1887,1,22,7.6,8,1,11.4,8,1,3.4,8,1
1887,1,22,1887,1,23,6.1,8,1,11.4,8,1,2.1,8,1
1887,1,23,1887,1,24,5.3,8,1,8.4,8,1,2.1,8,1
1887,1,24,1887,1,25,5.6,8,1,8.4,8,1,2.6,8,1
1887,1,25,1887,1,26,6.1,8,1,9.6,8,1,2.9,8,1
1887,1,26,1887,1,27,5,8,1,10.6,8,1,-1.3,8,1
1887,1,27,1887,1,28,3.3,8,1,10.6,8,1,-4.2,8,1
1887,1,28,1887,1,29,3,8,1,10,8,1,-4.2,8,1
1887,1,29,1887,1,30,5.8,8,1,12.4,8,1,-3.7,8,1
1887,1,30,1887,1,31,7.1,8,1,12.4,8,1,2.7,8,1
1887,1,31,1887,2,1,4.3,8,1,10.8,8,1,0,8,1
1887,2,1,1887,2,2,2.4,8,1,7.7,8,1,-2.3,8,1
1887,2,2,1887,2,3,1.4,8,1,7.7,8,1,-4,8,1
1887,2,3,1887,2,4,1.6,8,1,7.8,8,1,-4,8,1
1887,2,4,1887,2,5,1.7,8,1,7.8,8,1,-3.7,8,1
1887,2,5,1887,2,6,1.1,8,1,4.6,8,1,-3.7,8,1
1887,2,6,1887,2,7,1.1,8,1,4.6,8,1,-2.9,8,1
1887,2,7,1887,2,8,1.5,8,1,6.8,8,1,-2.2,8,1
1887,2,8,1887,2,9,2,8,1,6.8,8,1,-1.1,8,1
1887,2,9,1887,2,10,1.2,8,1,5.7,8,1,-4.4,8,1
1887,2,10,1887,2,11,1.2,8,1,7.9,8,1,-4.4,8,1
1887,2,11,1887,2,12,1.9,8,1,10.1,8,1,-5.7,8,1
1887,2,12,1887,2,13,2.8,8,1,11.2,8,1,-5.7,8,1
1887,2,13,1887,2,14,3.5,8,1,11.2,8,1,-2.2,8,1
1887,2,14,1887,2,15,3.6,8,1,7.2,8,1,-0.9,8,1
1887,2,15,1887,2,16,3.2,8,1,9.4,8,1,-3.7,8,1
1887,2,16,1887,2,17,3.8,8,1,12.3,8,1,-3.7,8,1
1887,2,17,1887,2,18,4.4,8,1,12.3,8,1,-3.5,8,1
1887,2,18,1887,2,19,3.7,8,1,12.3,8,1,-4.3,8,1
1887,2,19,1887,2,20,4.6,8,1,12.6,8,1,-4.3,8,1
1887,2,20,1887,2,21,5.1,8,1,12.6,8,1,-0.1,8,1
1887,2,21,1887,2,22,3.6,8,1,10.6,8,1,-4.3,8,1
1887,2,22,1887,2,23,3.4,8,1,10.8,8,1,-4.3,8,1
1887,2,23,1887,2,24,3.2,8,1,10.8,8,1,-0.9,8,1
1887,2,24,1887,2,25,2.6,8,1,10,8,1,-2.9,8,1
1887,2,25,1887,2,26,3.8,8,1,11.2,8,1,-2.9,8,1
1887,2,26,1887,2,27,5.3,8,1,11.3,8,1,-2.7,8,1
1887,2,27,1887,2,28,4.9,8,1,12.3,8,1,-3.9,8,1
1887,2,28,1887,3,1,3.5,8,1,12.3,8,1,-3.9,8,1
1887,3,1,1887,3,2,2.7,8,1,8.8,8,1,-3,8,1
1887,3,2,1887,3,3,2.5,8,1,8.4,8,1,-2.3,8,1
1887,3,3,1887,3,4,2.8,8,1,8.4,8,1,-3.1,8,1
1887,3,4,1887,3,5,2.8,8,1,7.9,8,1,-3.4,8,1
1887,3,5,1887,3,6,2.4,8,1,8.4,8,1,-3.4,8,1
1887,3,6,1887,3,7,2.5,8,1,11.1,8,1,-4.8,8,1
1887,3,7,1887,3,8,3.8,8,1,11.1,8,1,-4.8,8,1
1887,3,8,1887,3,9,4.7,8,1,11.1,8,1,-4.2,8,1
1887,3,9,1887,3,10,4,8,1,8.4,8,1,-0.4,8,1
1887,3,10,1887,3,11,3.7,8,1,11.8,8,1,-3.9,8,1
1887,3,11,1887,3,12,5.2,8,1,12.7,8,1,-3.9,8,1
1887,3,12,1887,3,13,5,8,1,12.7,8,1,-0.8,8,1
1887,3,13,1887,3,14,4.3,8,1,10.1,8,1,-0.9,8,1
1887,3,14,1887,3,15,4.3,8,1,14.3,8,1,-2.2,8,1
1887,3,15,1887,3,16,3.6,8,1,14.3,8,1,-2.2,8,1
1887,3,16,1887,3,17,5.1,8,1,13.6,8,1,-2.9,8,1
1887,3,17,1887,3,18,7.2,8,1,13.6,8,1,-2.9,8,1
1887,3,18,1887,3,19,7.4,8,1,13.6,8,1,1.2,8,1
1887,3,19,1887,3,20,7.4,8,1,15.8,8,1,-0.6,8,1
1887,3,20,1887,3,21,8.8,8,1,17.2,8,1,-0.6,8,1
1887,3,21,1887,3,22,8.8,8,1,17.2,8,1,2.1,8,1
1887,3,22,1887,3,23,6.3,8,1,12.4,8,1,-2.6,8,1
1887,3,23,1887,3,24,5,8,1,12.3,8,1,-2.6,8,1
1887,3,24,1887,3,25,5.5,8,1,14,8,1,-3,8,1
1887,3,25,1887,3,26,6.8,8,1,16,8,1,-3,8,1
1887,3,26,1887,3,27,8.6,8,1,18,8,1,-1.5,8,1
1887,3,27,1887,3,28,9.6,8,1,18,8,1,0.4,8,1
1887,3,28,1887,3,29,7.4,8,1,16.7,8,1,-0.9,8,1
1887,3,29,1887,3,30,5.5,8,1,10.8,8,1,-0.9,8,1
1887,3,30,1887,3,31,6.4,8,1,15.8,8,1,-3.3,8,1
1887,3,31,1887,4,1,7.8,8,1,17.5,8,1,-3.3,8,1
1887,4,1,1887,4,2,8.9,8,1,17.5,8,1,0.8,8,1
1887,4,2,1887,4,3,6.8,8,1,12.4,8,1,0.6,8,1
1887,4,3,1887,4,4,3.9,8,1,8,8,1,0.1,8,1
1887,4,4,1887,4,5,4.7,8,1,13.2,8,1,-0.2,8,1
1887,4,5,1887,4,6,8.1,8,1,16.7,8,1,-0.2,8,1
1887,4,6,1887,4,7,11.1,8,1,17.9,8,1,1.7,8,1
1887,4,7,1887,4,8,12.5,8,1,18.4,8,1,7.4,8,1
1887,4,8,1887,4,9,12.5,8,1,20.6,8,1,6.4,8,1
1887,4,9,1887,4,10,11.8,8,1,20.6,8,1,1.5,8,1
1887,4,10,1887,4,11,12.3,8,1,19.7,8,1,1.5,8,1
1887,4,11,1887,4,12,13.8,8,1,19.2,8,1,6.3,8,1
1887,4,12,1887,4,13,11.9,8,1,19.2,8,1,1.4,8,1
1887,4,13,1887,4,14,10.8,8,1,17.7,8,1,1.4,8,1
1887,4,14,1887,4,15,13.4,8,1,20.6,8,1,4,8,1
1887,4,15,1887,4,16,14.4,8,1,22.6,8,1,4.2,8,1
1887,4,16,1887,4,17,15.1,8,1,26,8,1,4.2,8,1
1887,4,17,1887,4,18,17.4,8,1,26,8,1,5.5,8,1
1887,4,18,1887,4,19,18.2,8,1,24.6,8,1,12.1,8,1
1887,4,19,1887,4,20,17,8,1,24.6,8,1,9.4,8,1
1887,4,20,1887,4,21,15.5,8,1,24.1,8,1,8.4,8,1
1887,4,21,1887,4,22,12.3,8,1,24.1,8,1,7.3,8,1
1887,4,22,1887,4,23,9.3,8,1,13.8,8,1,3.9,8,1
1887,4,23,1887,4,24,7.9,8,1,14.8,8,1,-0.1,8,1
1887,4,24,1887,4,25,8.4,8,1,18.2,8,1,-0.1,8,1
1887,4,25,1887,4,26,10.7,8,1,20.5,8,1,-0.1,8,1
1887,4,26,1887,4,27,13.1,8,1,22.3,8,1,1.9,8,1
1887,4,27,1887,4,28,15.8,8,1,27.1,8,1,6.3,8,1
1887,4,28,1887,4,29,17.4,8,1,27.1,8,1,7.5,8,1
1887,4,29,1887,4,30,16.1,8,1,23.2,8,1,9.3,8,1
1887,12,31,1888,1,1,0.2,8,1,3.4,8,1,-4.7,8,1
1888,1,1,1888,1,2,1.2,8,1,9,8,1,-4.7,8,1
1888,1,2,1888,1,3,3.3,8,1,10.5,8,1,-4.7,8,1
1888,1,3,1888,1,4,2.5,8,1,10.5,8,1,-5.3,8,1
1888,1,4,1888,1,5,2.7,8,1,11.2,8,1,-5.3,8,1
1888,1,5,1888,1,6,3.5,8,1,11.2,8,1,-4.2,8,1
1888,1,6,1888,1,7,4.2,8,1,13.9,8,1,-4.2,8,1
1888,1,7,1888,1,8,4.8,8,1,13.9,8,1,-1.8,8,1
1888,1,8,1888,1,9,3.8,8,1,11.7,8,1,-4.5,8,1
1888,1,9,1888,1,10,4.4,8,1,11.7,8,1,-4.5,8,1
1888,1,10,1888,1,11,4.6,8,1,10.1,8,1,-0.9,8,1
1888,1,11,1888,1,12,2.7,8,1,10.1,8,1,-4.8,8,1
1888,1,12,1888,1,13,1.3,8,1,9.3,8,1,-6.4,8,1
1888,1,13,1888,1,14,1.5,8,1,8.1,8,1,-6.4,8,1
1888,1,14,1888,1,15,1.9,8,1,10.4,8,1,-3.7,8,1
1888,1,15,1888,1,16,3.1,8,1,10.4,8,1,-3.7,8,1
1888,1,16,1888,1,17,6.1,8,1,11.2,8,1,-2.8,8,1
1888,1,17,1888,1,18,7,8,1,11.2,8,1,1.1,8,1
1888,1,18,1888,1,19,5,8,1,10.7,8,1,-0.7,8,1
1888,1,19,1888,1,20,3.7,8,1,10.6,8,1,-2.4,8,1
1888,1,20,1888,1,21,2.6,8,1,10.6,8,1,-2.9,8,1
1888,1,21,1888,1,22,2,8,1,7.4,8,1,-2.9,8,1
1888,1,22,1888,1,23,2.1,8,1,6.2,8,1,-1.6,8,1
1888,1,23,1888,1,24,1.8,8,1,5.6,8,1,-1.8,8,1
1888,1,24,1888,1,25,0.9,8,1,6.9,8,1,-6.2,8,1
1888,1,25,1888,1,26,0.7,8,1,9.4,8,1,-6.3,8,1
1888,1,26,1888,1,27,1.5,8,1,9.4,8,1,-6.3,8,1
1888,1,27,1888,1,28,1.8,8,1,8.4,8,1,-3.6,8,1
1888,1,28,1888,1,29,2.3,8,1,10.7,8,1,-3.6,8,1
1888,1,29,1888,1,30,2.5,8,1,10.7,8,1,-3.2,8,1
1888,1,30,1888,1,31,2.5,8,1,9.1,8,1,-2.3,8,1
1888,1,31,1888,2,1,1.6,8,1,9.1,8,1,-5.3,8,1
1888,2,1,1888,2,2,-0.7,8,1,7.6,8,1,-5.8,8,1
1888,2,2,1888,2,3,-1.5,8,1,5.7,8,1,-8.6,8,1
1888,2,3,1888,2,4,0,8,1,5.7,8,1,-8.6,8,1
1888,2,4,1888,2,5,1.6,8,1,4.6,8,1,-1.2,8,1
1888,2,5,1888,2,6,1.8,8,1,8.4,8,1,-4.2,8,1
1888,2,6,1888,2,7,3.3,8,1,9.3,8,1,-4.2,8,1
1888,2,7,1888,2,8,3.9,8,1,9.3,8,1,-4.1,8,1
1888,2,8,1888,2,9,2.2,8,1,8.4,8,1,-4.1,8,1
1888,2,9,1888,2,10,1.9,8,1,6.8,8,1,-4.1,8,1
1888,2,10,1888,2,11,2.3,8,1,7.6,8,1,-4.1,8,1
1888,2,11,1888,2,12,1.7,8,1,7.6,8,1,-2.7,8,1
1888,2,12,1888,2,13,1,8,1,7.5,8,1,-2.7,8,1
1888,2,13,1888,2,14,1.6,8,1,8.4,8,1,-2.6,8,1
1888,2,14,1888,2,15,1.2,8,1,8.4,8,1,-6.4,8,1
1888,2,15,1888,2,16,0.4,8,1,7.4,8,1,-6.4,8,1
1888,2,16,1888,2,17,0.7,8,1,6.1,8,1,-7.4,8,1
1888,2,17,1888,2,18,1.5,8,1,7.3,8,1,-7.4,8,1
1888,2,18,1888,2,19,1.6,8,1,7.3,8,1,-3.7,8,1
1888,2,19,1888,2,20,1.9,8,1,5.7,8,1,-3.7,8,1
1888,2,20,1888,2,21,1.6,8,1,7.3,8,1,-5.8,8,1
1888,2,21,1888,2,22,1.6,8,1,11.8,8,1,-7.4,8,1
1888,2,22,1888,2,23,3,8,1,11.8,8,1,-7.4,8,1
1888,2,23,1888,2,24,2.9,8,1,11.8,8,1,-4.2,8,1
1888,2,24,1888,2,25,2.8,8,1,10.1,8,1,-4.2,8,1
1888,2,25,1888,2,26,3.4,8,1,11,8,1,-2.8,8,1
1888,2,26,1888,2,27,2,8,1,11,8,1,-3.4,8,1
1888,2,27,1888,2,28,1.4,8,1,9.6,8,1,-4.2,8,1
1888,2,28,1888,2,29,3.1,8,1,10.7,8,1,-4.2,8,1
1888,2,29,1888,3,1,4.1,8,1,10.7,8,1,-5.2,8,1
1888,3,1,1888,3,2,7.2,8,1,14.5,8,1,-5.2,8,1
1888,3,2,1888,3,3,9.1,8,1,15.7,8,1,0.1,8,1
1888,3,3,1888,3,4,6.6,8,1,15.7,8,1,0.1,8,1
1888,3,4,1888,3,5,4.4,8,1,9.4,8,1,-1.8,8,1
1888,3,5,1888,3,6,2.9,8,1,9.4,8,1,-2.3,8,1
1888,3,6,1888,3,7,1.6,8,1,8.3,8,1,-5.3,8,1
1888,3,7,1888,3,8,2.7,8,1,12.7,8,1,-5.9,8,1
1888,3,8,1888,3,9,5.8,8,1,12.7,8,1,-5.9,8,1
1888,3,9,1888,3,10,7.7,8,1,12.8,8,1,3.4,8,1
1888,3,10,1888,3,11,7.1,8,1,13.7,8,1,-2.2,8,1
1888,3,11,1888,3,12,7.2,8,1,17.7,8,1,-2.2,8,1
1888,3,12,1888,3,13,8.6,8,1,18.1,8,1,-1.3,8,1
1888,3,13,1888,3,14,7.8,8,1,18.1,8,1,-1.3,8,1
1888,3,14,1888,3,15,4.8,8,1,11.8,8,1,-2.1,8,1
1888,3,15,1888,3,16,3.6,8,1,12.5,8,1,-5.2,8,1
1888,3,16,1888,3,17,6.5,8,1,12.7,8,1,-5.2,8,1
1888,3,17,1888,3,18,10.1,8,1,16.8,8,1,2,8,1
1888,3,18,1888,3,19,9.2,8,1,16.8,8,1,-0.6,8,1
1888,3,19,1888,3,20,5.7,8,1,13.8,8,1,-4.7,8,1
1888,3,20,1888,3,21,6.1,8,1,16.1,8,1,-4.7,8,1
1888,3,21,1888,3,22,7.7,8,1,17.5,8,1,-2.7,8,1
1888,3,22,1888,3,23,9,8,1,20.6,8,1,-2.7,8,1
1888,3,23,1888,3,24,11.5,8,1,21.3,8,1,-1.8,8,1
1888,3,24,1888,3,25,12.6,8,1,21.3,8,1,2.1,8,1
1888,3,25,1888,3,26,9.8,8,1,16.7,8,1,2.9,8,1
1888,3,26,1888,3,27,6.7,8,1,13.1,8,1,-2.3,8,1
1888,3,27,1888,3,28,9.6,8,1,15.3,8,1,-2.3,8,1
1888,3,28,1888,3,29,11.4,8,1,15.3,8,1,3.9,8,1
1888,3,29,1888,3,30,10.2,8,1,15.1,8,1,3.9,8,1
1888,3,30,1888,3,31,11.1,8,1,15.1,8,1,3.9,8,1
1888,3,31,1888,4,1,10.5,8,1,16.1,8,1,1.9,8,1
1888,4,1,1888,4,2,7.8,8,1,16.1,8,1,0.3,8,1
1888,4,2,1888,4,3,6.7,8,1,12.3,8,1,0.3,8,1
1888,4,3,1888,4,4,8,8,1,16.1,8,1,2.2,8,1
1888,4,4,1888,4,5,9.7,8,1,18.9,8,1,0.6,8,1
1888,4,5,1888,4,6,11.3,8,1,18.9,8,1,0.6,8,1
1888,4,6,1888,4,7,12.4,8,1,22.2,8,1,4,8,1
1888,4,7,1888,4,8,13.4,8,1,22.9,8,1,2.7,8,1
1888,4,8,1888,4,9,14.2,8,1,22.9,8,1,2.7,8,1
1888,4,9,1888,4,10,13.7,8,1,22,8,1,6.7,8,1
1888,4,10,1888,4,11,13.1,8,1,18.3,8,1,6.7,8,1
1888,4,11,1888,4,12,11.6,8,1,18.3,8,1,5.5,8,1
1888,4,12,1888,4,13,10.7,8,1,21.4,8,1,1.7,8,1
1888,4,13,1888,4,14,12.9,8,1,21.4,8,1,1.7,8,1
1888,4,14,1888,4,15,14.8,8,1,20.6,8,1,6.4,8,1
1888,4,15,1888,4,16,15.1,8,1,18.1,8,1,12.3,8,1
1888,4,16,1888,4,17,15.5,8,1,24.5,8,1,6.4,8,1
1888,4,17,1888,4,18,16.3,8,1,24.5,8,1,6.4,8,1
1888,4,18,1888,4,19,14.1,8,1,22.3,8,1,4.8,8,1
1888,4,19,1888,4,20,12.2,8,1,20.8,8,1,4.8,8,1
1888,4,20,1888,4,21,13.9,8,1,18.9,8,1,5.6,8,1
1888,4,21,1888,4,22,15.6,8,1,20.6,8,1,12.6,8,1
1888,4,22,1888,4,23,14.9,8,1,20.6,8,1,11.3,8,1
1888,4,23,1888,4,24,14.4,8,1,17.8,8,1,11.3,8,1
1888,4,24,1888,4,25,16.1,8,1,24.8,8,1,10.2,8,1
1888,4,25,1888,4,26,15.1,8,1,24.8,8,1,7.8,8,1
1888,4,26,1888,4,27,12.9,8,1,23.7,8,1,1.7,8,1
1888,4,27,1888,4,28,14.2,8,1,23.7,8,1,1.7,8,1
1888,4,28,1888,4,29,16,8,1,23.4,8,1,6.2,8,1
1888,4,29,1888,4,30,15.6,8,1,18.9,8,1,12.3,8,1
1888,12,31,1889,1,1,5.3,8,1,12,8,1,-2.3,8,1
1889,1,1,1889,1,2,4.6,8,1,8.4,8,1,1.4,8,1
1889,1,2,1889,1,3,3.5,8,1,6.7,8,1,-1.6,8,1
1889,1,3,1889,1,4,3.5,8,1,8.7,8,1,-1.6,8,1
1889,1,4,1889,1,5,3.3,8,1,8.7,8,1,-1.8,8,1
1889,1,5,1889,1,6,1,8,1,5.7,8,1,-3.6,8,1
1889,1,6,1889,1,7,-0.5,8,1,5.1,8,1,-6.9,8,1
1889,1,7,1889,1,8,0.6,8,1,9.6,8,1,-6.9,8,1
1889,1,8,1889,1,9,2,8,1,9.6,8,1,-5.8,8,1
1889,1,9,1889,1,10,1.6,8,1,7.8,8,1,-5.1,8,1
1889,1,10,1889,1,11,2.8,8,1,12.9,8,1,-4.9,8,1
1889,1,11,1889,1,12,5.9,8,1,12.9,8,1,-4.9,8,1
1889,1,12,1889,1,13,5.4,8,1,11.2,8,1,2,8,1
1889,1,13,1889,1,14,3.1,8,1,5.7,8,1,-2,8,1
1889,1,14,1889,1,15,2.8,8,1,9.4,8,1,-5.8,8,1
1889,1,15,1889,1,16,5.4,8,1,9.4,8,1,-5.8,8,1
1889,1,16,1889,1,17,6.9,8,1,11.2,8,1,0,8,1
1889,1,17,1889,1,18,3.5,8,1,11.2,8,1,-1.2,8,1
1889,1,18,1889,1,19,0,8,1,4.4,8,1,-3.4,8,1
1889,1,19,1889,1,20,-0.7,8,1,6.2,8,1,-8.1,8,1
1889,1,20,1889,1,21,0,8,1,6.2,8,1,-8.1,8,1
1889,1,21,1889,1,22,0.4,8,1,8.4,8,1,-6.2,8,1
1889,1,22,1889,1,23,0.8,8,1,8.4,8,1,-6.2,8,1
1889,1,23,1889,1,24,1.4,8,1,9.2,8,1,-5,8,1
1889,1,24,1889,1,25,0.9,8,1,9.2,8,1,-6.1,8,1
1889,1,25,1889,1,26,0.8,8,1,8.5,8,1,-6.1,8,1
1889,1,26,1889,1,27,0.8,8,1,7.6,8,1,-5.2,8,1
1889,1,27,1889,1,28,0.4,8,1,7.3,8,1,-5.4,8,1
1889,1,28,1889,1,29,0.3,8,1,7.1,8,1,-5.4,8,1
1889,1,29,1889,1,30,-0.3,8,1,4.5,8,1,-5.9,8,1
1889,1,30,1889,1,31,1,8,1,9.1,8,1,-5.9,8,1
1889,1,31,1889,2,1,0.8,8,1,9.1,8,1,-5.6,8,1
1889,2,1,1889,2,2,-0.5,8,1,2.9,8,1,-5.6,8,1
1889,2,2,1889,2,3,0.2,8,1,7.9,8,1,-7,8,1
1889,2,3,1889,2,4,1.1,8,1,7.9,8,1,-7,8,1
1889,2,4,1889,2,5,0.9,8,1,5.7,8,1,-4.4,8,1
1889,2,5,1889,2,6,0.8,8,1,4.7,8,1,-4.4,8,1
1889,2,6,1889,2,7,2.3,8,1,9,8,1,-2.6,8,1
1889,2,7,1889,2,8,3.1,8,1,10.4,8,1,-4.2,8,1
1889,2,8,1889,2,9,2.2,8,1,10.4,8,1,-4.2,8,1
1889,2,9,1889,2,10,2.7,8,1,7.9,8,1,-3.2,8,1
1889,2,10,1889,2,11,3.2,8,1,7.9,8,1,-0.6,8,1
1889,2,11,1889,2,12,2.8,8,1,7.4,8,1,-4.8,8,1
1889,2,12,1889,2,13,3.6,8,1,9,8,1,-4.8,8,1
1889,2,13,1889,2,14,2,8,1,9,8,1,-5.1,8,1
1889,2,14,1889,2,15,0.2,8,1,7,8,1,-6.3,8,1
1889,2,15,1889,2,16,1.5,8,1,9.7,8,1,-6.3,8,1
1889,2,16,1889,2,17,4.4,8,1,11.1,8,1,-5.1,8,1
1889,2,17,1889,2,18,4.6,8,1,11.1,8,1,-4.5,8,1
1889,2,18,1889,2,19,2.4,8,1,7.2,8,1,-4.5,8,1
1889,2,19,1889,2,20,1.8,8,1,7.7,8,1,-3.4,8,1
1889,2,20,1889,2,21,2.1,8,1,11.4,8,1,-4.7,8,1
1889,2,21,1889,2,22,2.4,8,1,11.4,8,1,-4.7,8,1
1889,2,22,1889,2,23,2.5,8,1,9.3,8,1,-2.1,8,1
1889,2,23,1889,2,24,2.8,8,1,9.4,8,1,-4.3,8,1
1889,2,24,1889,2,25,5.1,8,1,13.7,8,1,-4.3,8,1
1889,2,25,1889,2,26,7.8,8,1,13.7,8,1,2.3,8,1
1889,2,26,1889,2,27,6,8,1,10,8,1,-0.5,8,1
1889,2,27,1889,2,28,3.4,8,1,8.4,8,1,-1.6,8,1
1889,2,28,1889,3,1,2.9,8,1,8.3,8,1,-2.1,8,1
1889,3,1,1889,3,2,3.4,8,1,10.7,8,1,-4.7,8,1
1889,3,2,1889,3,3,5.6,8,1,12.6,8,1,-4.7,8,1
1889,3,3,1889,3,4,6.1,8,1,13.5,8,1,-2,8,1
1889,3,4,1889,3,5,5.6,8,1,16.5,8,1,-3.2,8,1
1889,3,5,1889,3,6,7.2,8,1,18.8,8,1,-3.2,8,1
1889,3,6,1889,3,7,8.9,8,1,18.8,8,1,-2.4,8,1
1889,3,7,1889,3,8,10.3,8,1,21.2,8,1,-0.2,8,1
1889,3,8,1889,3,9,11.5,8,1,21.2,8,1,-0.2,8,1
1889,3,9,1889,3,10,9.9,8,1,14.3,8,1,2.8,8,1
1889,3,10,1889,3,11,6.1,8,1,14.1,8,1,0.3,8,1
1889,3,11,1889,3,12,6.4,8,1,12.3,8,1,0.3,8,1
1889,3,12,1889,3,13,7.5,8,1,13.9,8,1,1,8,1
1889,3,13,1889,3,14,4.7,8,1,13.9,8,1,-1.4,8,1
1889,3,14,1889,3,15,2.8,8,1,8.4,8,1,-2.6,8,1
1889,3,15,1889,3,16,3.9,8,1,12,8,1,-2.6,8,1
1889,3,16,1889,3,17,4.4,8,1,12,8,1,-2.6,8,1
1889,3,17,1889,3,18,3.9,8,1,11.1,8,1,-3.6,8,1
1889,3,18,1889,3,19,5.3,8,1,11.1,8,1,-3.6,8,1
1889,3,19,1889,3,20,7.2,8,1,13.9,8,1,2.2,8,1
1889,3,20,1889,3,21,7.9,8,1,17.8,8,1,-2.1,8,1
1889,3,21,1889,3,22,9,8,1,17.8,8,1,-2.1,8,1
1889,3,22,1889,3,23,9.6,8,1,13.4,8,1,1.9,8,1
1889,3,23,1889,3,24,7.2,8,1,11.9,8,1,-1.1,8,1
1889,3,24,1889,3,25,6.6,8,1,11.8,8,1,-1.1,8,1
1889,3,25,1889,3,26,6.7,8,1,11.5,8,1,0.4,8,1
1889,3,26,1889,3,27,5.1,8,1,11.2,8,1,-1.8,8,1
1889,3,27,1889,3,28,5.4,8,1,13.4,8,1,-2.6,8,1
1889,3,28,1889,3,29,8.9,8,1,16.7,8,1,-2.6,8,1
1889,3,29,1889,3,30,8.9,8,1,16.7,8,1,-0.1,8,1
1889,3,30,1889,3,31,6.1,8,1,13.9,8,1,-2.7,8,1
1889,3,31,1889,4,1,7.4,8,1,13.9,8,1,-2.7,8,1
1889,4,1,1889,4,2,10,8,1,16.2,8,1,4.4,8,1
1889,4,2,1889,4,3,10,8,1,17,8,1,-0.3,8,1
1889,4,3,1889,4,4,9.1,8,1,17,8,1,-0.3,8,1
1889,4,4,1889,4,5,7.8,8,1,15.1,8,1,1.7,8,1
1889,4,5,1889,4,6,7.8,8,1,17.5,8,1,-0.3,8,1
1889,4,6,1889,4,7,9.2,8,1,17.5,8,1,-0.3,8,1
1889,4,7,1889,4,8,8.2,8,1,14.5,8,1,-0.4,8,1
1889,4,8,1889,4,9,8.1,8,1,18.6,8,1,-1.8,8,1
1889,4,9,1889,4,10,10.8,8,1,22.3,8,1,-1.8,8,1
1889,4,10,1889,4,11,14.2,8,1,22.3,8,1,1.7,8,1
1889,4,11,1889,4,12,14.3,8,1,18.6,8,1,5.9,8,1
1889,4,12,1889,4,13,9.9,8,1,16.2,8,1,1.7,8,1
1889,4,13,1889,4,14,8.2,8,1,16.7,8,1,-0.1,8,1
1889,4,14,1889,4,15,10.8,8,1,16.7,8,1,-0.1,8,1
1889,4,15,1889,4,16,12.6,8,1,14.5,8,1,10.1,8,1
1889,4,16,1889,4,17,14.9,8,1,18.6,8,1,10.1,8,1
1889,4,17,1889,4,18,17.2,8,1,20.1,8,1,13.3,8,1
1889,4,18,1889,4,19,18.2,8,1,20.6,8,1,14.9,8,1
1889,4,19,1889,4,20,16.2,8,1,20.6,8,1,9,8,1
1889,4,20,1889,4,21,12.6,8,1,20.6,8,1,1.1,8,1
1889,4,21,1889,4,22,12.9,8,1,20.6,8,1,1.1,8,1
1889,4,22,1889,4,23,15.2,8,1,18.3,8,1,7.3,8,1
1889,4,23,1889,4,24,16.7,8,1,22.6,8,1,12.6,8,1
1889,4,24,1889,4,25,17.8,8,1,26.2,8,1,8.9,8,1
1889,4,25,1889,4,26,18.3,8,1,26.2,8,1,8.9,8,1
1889,4,26,1889,4,27,16.6,8,1,22.3,8,1,9.4,8,1
1889,4,27,1889,4,28,14.2,8,1,22.3,8,1,6.2,8,1
1889,4,28,1889,4,29,11.7,8,1,17.8,8,1,3.2,8,1
1889,4,29,1889,4,30,10.8,8,1,18.6,8,1,3.2,8,1
1889,12,31,1890,1,1,6.3,8,1,13.4,8,1,1,8,1
1890,1,1,1890,1,2,5.5,8,1,10.8,8,1,0.8,8,1
1890,1,2,1890,1,3,5.2,8,1,10.8,8,1,-0.4,8,1
1890,1,3,1890,1,4,2.1,8,1,8.4,8,1,-3,8,1
1890,1,4,1890,1,5,0.2,8,1,5.1,8,1,-3.6,8,1
1890,1,5,1890,1,6,0.6,8,1,9.2,8,1,-6.1,8,1
1890,1,6,1890,1,7,1.4,8,1,9.7,8,1,-6.1,8,1
1890,1,7,1890,1,8,3.1,8,1,11.8,8,1,-4.8,8,1
1890,1,8,1890,1,9,4.3,8,1,12.4,8,1,-2.9,8,1
1890,1,9,1890,1,10,4.4,8,1,12.4,8,1,-2.9,8,1
1890,1,10,1890,1,11,3.8,8,1,11.9,8,1,-4.6,8,1
1890,1,11,1890,1,12,5.3,8,1,13.9,8,1,-4.6,8,1
1890,1,12,1890,1,13,4.9,8,1,13.9,8,1,-2.1,8,1
1890,1,13,1890,1,14,2.1,8,1,8.9,8,1,-6.4,8,1
1890,1,14,1890,1,15,3.7,8,1,8.9,8,1,-6.4,8,1
1890,1,15,1890,1,16,4.8,8,1,7.8,8,1,0.4,8,1
1890,1,16,1890,1,17,3.3,8,1,8.4,8,1,-1,8,1
1890,1,17,1890,1,18,2.5,8,1,8.4,8,1,-3.2,8,1
1890,1,18,1890,1,19,3.2,8,1,9.8,8,1,-3.2,8,1
1890,1,19,1890,1,20,3.2,8,1,9.8,8,1,-2.7,8,1
1890,1,20,1890,1,21,2.7,8,1,10.1,8,1,-5.7,8,1
1890,1,21,1890,1,22,4.5,8,1,10.1,8,1,-5.7,8,1
1890,1,22,1890,1,23,5.7,8,1,8.4,8,1,1.2,8,1
1890,1,23,1890,1,24,4.9,8,1,8.2,8,1,0.2,8,1
1890,1,24,1890,1,25,2.8,8,1,8.2,8,1,-1.6,8,1
1890,1,25,1890,1,26,1.4,8,1,7.3,8,1,-2.8,8,1
1890,1,26,1890,1,27,2,8,1,7.3,8,1,-3.1,8,1
1890,1,27,1890,1,28,3.4,8,1,9.4,8,1,-3.1,8,1
1890,1,28,1890,1,29,3.9,8,1,9.4,8,1,0.7,8,1
1890,1,29,1890,1,30,2.3,8,1,7.2,8,1,-3.7,8,1
1890,1,30,1890,1,31,1.5,8,1,7.2,8,1,-6.2,8,1
1890,1,31,1890,2,1,3,8,1,11.3,8,1,-6.2,8,1
1890,2,1,1890,2,2,3.8,8,1,11.3,8,1,-3.3,8,1
1890,2,2,1890,2,3,4,8,1,11.5,8,1,-3.3,8,1
1890,2,3,1890,2,4,5,8,1,11.5,8,1,-3.2,8,1
1890,2,4,1890,2,5,5.1,8,1,13.8,8,1,-4.4,8,1
1890,2,5,1890,2,6,6.8,8,1,17.2,8,1,-4.4,8,1
1890,2,6,1890,2,7,10.5,8,1,21.2,8,1,-0.3,8,1
1890,2,7,1890,2,8,11.7,8,1,21.2,8,1,3.4,8,1
1890,2,8,1890,2,9,6.2,8,1,16.7,8,1,-0.8,8,1
1890,2,9,1890,2,10,1.7,8,1,5.1,8,1,-1.4,8,1
1890,2,10,1890,2,11,1.8,8,1,5.1,8,1,-1.4,8,1
1890,2,11,1890,2,12,2.8,8,1,10.1,8,1,-1.6,8,1
1890,2,12,1890,2,13,4.3,8,1,11.9,8,1,-2.9,8,1
1890,2,13,1890,2,14,5.2,8,1,12.8,8,1,-2.9,8,1
1890,2,14,1890,2,15,7.4,8,1,13.1,8,1,-1.7,8,1
1890,2,15,1890,2,16,10.9,8,1,14.6,8,1,1.9,8,1
1890,2,16,1890,2,17,13.2,8,1,20.6,8,1,7.6,8,1
1890,2,17,1890,2,18,14.4,8,1,22.9,8,1,7.6,8,1
1890,2,18,1890,2,19,14.3,8,1,22.9,8,1,8.4,8,1
1890,2,19,1890,2,20,9.7,8,1,15.1,8,1,3.8,8,1
1890,2,20,1890,2,21,5.4,8,1,10.7,8,1,0.1,8,1
1890,2,21,1890,2,22,4.5,8,1,9.7,8,1,-0.4,8,1
1890,2,22,1890,2,23,5.6,8,1,12,8,1,-0.4,8,1
1890,2,23,1890,2,24,6.2,8,1,12,8,1,0.1,8,1
1890,2,24,1890,2,25,4.5,8,1,9.6,8,1,-1.1,8,1
1890,2,25,1890,2,26,3,8,1,8.4,8,1,-1.3,8,1
1890,2,26,1890,2,27,4,8,1,11.1,8,1,-1.3,8,1
1890,2,27,1890,2,28,6.7,8,1,12.3,8,1,-1,8,1
1890,2,28,1890,3,1,6,8,1,12.3,8,1,0.6,8,1
1890,3,1,1890,3,2,3.5,8,1,9.4,8,1,-1.6,8,1
1890,3,2,1890,3,3,3.2,8,1,11.1,8,1,-3.8,8,1
1890,3,3,1890,3,4,4.6,8,1,12.4,8,1,-3.8,8,1
1890,3,4,1890,3,5,4.9,8,1,12.4,8,1,-2.1,8,1
1890,3,5,1890,3,6,4.4,8,1,13.4,8,1,-3.7,8,1
1890,3,6,1890,3,7,5.2,8,1,13.8,8,1,-3.7,8,1
1890,3,7,1890,3,8,6.6,8,1,17.8,8,1,-3.2,8,1
1890,3,8,1890,3,9,9.3,8,1,18.3,8,1,-3.2,8,1
1890,3,9,1890,3,10,12.5,8,1,18.3,8,1,1,8,1
1890,3,10,1890,3,11,12.8,8,1,15.3,8,1,7.4,8,1
1890,3,11,1890,3,12,10.5,8,1,15.1,8,1,4.5,8,1
1890,3,12,1890,3,13,7.9,8,1,13.4,8,1,1.3,8,1
1890,3,13,1890,3,14,4.9,8,1,10,8,1,-0.6,8,1
1890,3,14,1890,3,15,3.5,8,1,7.5,8,1,-2.2,8,1
1890,3,15,1890,3,16,5,8,1,10.1,8,1,-2.2,8,1
1890,3,16,1890,3,17,5.8,8,1,14.1,8,1,-2.2,8,1
1890,3,17,1890,3,18,6.6,8,1,16.6,8,1,-2.2,8,1
1890,3,18,1890,3,19,10.1,8,1,16.6,8,1,-2.2,8,1
1890,3,19,1890,3,20,13.1,8,1,19.3,8,1,6.7,8,1
1890,3,20,1890,3,21,12.9,8,1,19.3,8,1,8.7,8,1
1890,3,21,1890,3,22,10.5,8,1,14.7,8,1,4.1,8,1
1890,3,22,1890,3,23,9.7,8,1,14.7,8,1,1.8,8,1
1890,3,23,1890,3,24,11.1,8,1,15.2,8,1,1.8,8,1
1890,3,24,1890,3,25,10.6,8,1,15.2,8,1,3.7,8,1
1890,3,25,1890,3,26,8.8,8,1,17.2,8,1,-0.8,8,1
1890,3,26,1890,3,27,10.2,8,1,17.2,8,1,-0.8,8,1
1890,3,27,1890,3,28,12.2,8,1,15.8,8,1,4.6,8,1
1890,3,28,1890,3,29,12.5,8,1,16.5,8,1,10.1,8,1
1890,3,29,1890,3,30,13.2,8,1,18.3,8,1,10,8,1
1890,3,30,1890,3,31,12.9,8,1,18.3,8,1,10,8,1
1890,3,31,1890,4,1,12.1,8,1,14.5,8,1,9.6,8,1
1890,4,1,1890,4,2,10.8,8,1,14.9,8,1,5.7,8,1
1890,4,2,1890,4,3,8.7,8,1,14.9,8,1,1.3,8,1
1890,4,3,1890,4,4,8.5,8,1,16.7,8,1,-1.2,8,1
1890,4,4,1890,4,5,10.8,8,1,16.7,8,1,-1.2,8,1
1890,4,5,1890,4,6,9.6,8,1,15.2,8,1,1.2,8,1
1890,4,6,1890,4,7,7.6,8,1,14.2,8,1,1.2,8,1
1890,4,7,1890,4,8,8.2,8,1,16.2,8,1,-0.3,8,1
1890,4,8,1890,4,9,10.9,8,1,22.3,8,1,-0.3,8,1
1890,4,9,1890,4,10,14.4,8,1,24.3,8,1,2.9,8,1
1890,4,10,1890,4,11,15.8,8,1,24.3,8,1,7.6,8,1
1890,4,11,1890,4,12,14,8,1,23.4,8,1,6.5,8,1
1890,4,12,1890,4,13,11.4,8,1,19.6,8,1,-0.1,8,1
1890,4,13,1890,4,14,12.1,8,1,19.6,8,1,-0.1,8,1
1890,4,14,1890,4,15,14.6,8,1,18,8,1,11.6,8,1
1890,4,15,1890,4,16,17.1,8,1,21.6,8,1,12.6,8,1
1890,4,16,1890,4,17,18.6,8,1,24.3,8,1,13.8,8,1
1890,4,17,1890,4,18,18.7,8,1,26.2,8,1,8.9,8,1
1890,4,18,1890,4,19,19,8,1,26.2,8,1,8.9,8,1
1890,4,19,1890,4,20,19,8,1,24.5,8,1,11.8,8,1
1890,4,20,1890,4,21,16,8,1,21.8,8,1,4.7,8,1
1890,4,21,1890,4,22,16.1,8,1,22.7,8,1,4.7,8,1
1890,4,22,1890,4,23,18.9,8,1,22.7,8,1,14.3,8,1
1890,4,23,1890,4,24,20.1,8,1,25.2,8,1,18,8,1
1890,4,24,1890,4,25,16.4,8,1,25.2,8,1,6.2,8,1
1890,4,25,1890,4,26,12.2,8,1,21.1,8,1,2,8,1
1890,4,26,1890,4,27,15.5,8,1,23.8,8,1,2,8,1
1890,4,27,1890,4,28,16.7,8,1,23.8,8,1,9.5,8,1
1890,4,28,1890,4,29,15.2,8,1,20.6,8,1,7.3,8,1
1890,4,29,1890,4,30,15.5,8,1,19.5,8,1,7.3,8,1
1890,12,31,1891,1,1,4.5,8,1,11.8,8,1,-1.6,8,1
1891,1,1,1891,1,2,3.4,8,1,11.8,8,1,-1.6,8,1
1891,1,2,1891,1,3,2.7,8,1,10.4,8,1,-2.2,8,1
1891,1,3,1891,1,4,3,8,1,10.4,8,1,-2.2,8,1
1891,1,4,1891,1,5,3,8,1,6.7,8,1,-2.1,8,1
1891,1,5,1891,1,6,3,8,1,8.9,8,1,-2.4,8,1
1891,1,6,1891,1,7,2.2,8,1,8.9,8,1,-2.4,8,1
1891,1,7,1891,1,8,1.5,8,1,6.4,8,1,-3.7,8,1
1891,1,8,1891,1,9,1.1,8,1,7.9,8,1,-3.7,8,1
1891,1,9,1891,1,10,1.4,8,1,7.9,8,1,-3.2,8,1
1891,1,10,1891,1,11,2.3,8,1,9.6,8,1,-2.8,8,1
1891,1,11,1891,1,12,3.9,8,1,9.6,8,1,-2.8,8,1
1891,1,12,1891,1,13,4.5,8,1,9.8,8,1,-0.6,8,1
1891,1,13,1891,1,14,2.9,8,1,9.8,8,1,-2.7,8,1
1891,1,14,1891,1,15,0,8,1,7.6,8,1,-8.1,8,1
1891,1,15,1891,1,16,-2,8,1,3.9,8,1,-11.9,8,1
1891,1,16,1891,1,17,-1.2,8,1,5.2,8,1,-11.9,8,1
1891,1,17,1891,1,18,0,8,1,6.2,8,1,-7.7,8,1
1891,1,18,1891,1,19,0.2,8,1,7.3,8,1,-7.7,8,1
1891,1,19,1891,1,20,1,8,1,7.3,8,1,-5.6,8,1
1891,1,20,1891,1,21,1.8,8,1,8.3,8,1,-5.2,8,1
1891,1,21,1891,1,22,3,8,1,9.9,8,1,-2.6,8,1
1891,1,22,1891,1,23,3.4,8,1,9.9,8,1,-2.6,8,1
1891,1,23,1891,1,24,1.4,8,1,9.5,8,1,-4.2,8,1
1891,1,24,1891,1,25,-0.5,8,1,4.9,8,1,-5.3,8,1
1891,1,25,1891,1,26,-0.4,8,1,3.7,8,1,-5.3,8,1
1891,1,26,1891,1,27,1.1,8,1,5.9,8,1,-4.2,8,1
1891,1,27,1891,1,28,1.7,8,1,9.2,8,1,-6.2,8,1
1891,1,28,1891,1,29,2.1,8,1,9.6,8,1,-6.2,8,1
1891,1,29,1891,1,30,3.5,8,1,13.3,8,1,-4.1,8,1
1891,1,30,1891,1,31,5.7,8,1,13.3,8,1,-4.1,8,1
1891,1,31,1891,2,1,5.7,8,1,10.2,8,1,0.6,8,1
1891,2,1,1891,2,2,2.4,8,1,7.7,8,1,-3.7,8,1
1891,2,2,1891,2,3,0.4,8,1,7.1,8,1,-4.8,8,1
1891,2,3,1891,2,4,2.1,8,1,7.3,8,1,-4.8,8,1
1891,2,4,1891,2,5,7.3,8,1,13.9,8,1,-4.8,8,1
1891,2,5,1891,2,6,9.7,8,1,13.9,8,1,5.1,8,1
1891,2,6,1891,2,7,6.4,8,1,10.8,8,1,1.8,8,1
1891,2,7,1891,2,8,3.8,8,1,7.6,8,1,-0.7,8,1
1891,2,8,1891,2,9,2.4,8,1,9.3,8,1,-3.2,8,1
1891,2,9,1891,2,10,-0.4,8,1,9.3,8,1,-5.1,8,1
1891,2,10,1891,2,11,-2,8,1,1.6,8,1,-6,8,1
1891,2,11,1891,2,12,-1.4,8,1,4.5,8,1,-7.8,8,1
1891,2,12,1891,2,13,-0.5,8,1,8.1,8,1,-7.8,8,1
1891,2,13,1891,2,14,1.2,8,1,9.6,8,1,-6.4,8,1
1891,2,14,1891,2,15,2.1,8,1,9.6,8,1,-4.2,8,1
1891,2,15,1891,2,16,2.2,8,1,10.9,8,1,-5.8,8,1
1891,2,16,1891,2,17,3.1,8,1,10.9,8,1,-5.8,8,1
1891,2,17,1891,2,18,1.9,8,1,8.2,8,1,-5.2,8,1
1891,2,18,1891,2,19,0,8,1,5.2,8,1,-6.8,8,1
1891,2,19,1891,2,20,1.6,8,1,12.2,8,1,-6.8,8,1
1891,2,20,1891,2,21,5.5,8,1,12.8,8,1,-6.6,8,1
1891,2,21,1891,2,22,7.8,8,1,14.8,8,1,1.9,8,1
1891,2,22,1891,2,23,6.9,8,1,14.8,8,1,-2.7,8,1
1891,2,23,1891,2,24,6.6,8,1,11.8,8,1,-2.7,8,1
1891,2,24,1891,2,25,6.8,8,1,13.1,8,1,2.9,8,1
1891,2,25,1891,2,26,6.4,8,1,13.1,8,1,0,8,1
1891,2,26,1891,2,27,8,8,1,11.3,8,1,0,8,1
1891,2,27,1891,2,28,9.3,8,1,13,8,1,5.3,8,1
1891,2,28,1891,3,1,8,8,1,13,8,1,1.3,8,1
1891,3,1,1891,3,2,6,8,1,11.4,8,1,0.3,8,1
1891,3,2,1891,3,3,6.3,8,1,13.4,8,1,-1.3,8,1
1891,3,3,1891,3,4,9.2,8,1,13.4,8,1,-1.3,8,1
1891,3,4,1891,3,5,9,8,1,13.3,8,1,1.6,8,1
1891,3,5,1891,3,6,5.6,8,1,12.6,8,1,-1.8,8,1
1891,3,6,1891,3,7,3.7,8,1,11,8,1,-1.8,8,1
1891,3,7,1891,3,8,3.5,8,1,12.4,8,1,-4.2,8,1
1891,3,8,1891,3,9,5.1,8,1,12.4,8,1,-4.2,8,1
1891,3,9,1891,3,10,6.6,8,1,12.1,8,1,0.1,8,1
1891,3,10,1891,3,11,6.4,8,1,10,8,1,2.1,8,1
1891,3,11,1891,3,12,5.5,8,1,10.4,8,1,0.6,8,1
1891,3,12,1891,3,13,4.5,8,1,11.1,8,1,-3.5,8,1
1891,3,13,1891,3,14,3.8,8,1,11.1,8,1,-3.5,8,1
1891,3,14,1891,3,15,5,8,1,12.4,8,1,-2.7,8,1
1891,3,15,1891,3,16,7.9,8,1,14.3,8,1,1.1,8,1
1891,3,16,1891,3,17,11.2,8,1,15.8,8,1,1.3,8,1
1891,3,17,1891,3,18,10.9,8,1,15.8,8,1,2.8,8,1
1891,3,18,1891,3,19,7.9,8,1,15.4,8,1,-1.1,8,1
1891,3,19,1891,3,20,8.3,8,1,18.9,8,1,-1.1,8,1
1891,3,20,1891,3,21,11.2,8,1,18.9,8,1,-0.6,8,1
1891,3,21,1891,3,22,12.4,8,1,15.5,8,1,8.7,8,1
1891,3,22,1891,3,23,8.8,8,1,15.5,8,1,0.1,8,1
1891,3,23,1891,3,24,5.2,8,1,11.8,8,1,-0.9,8,1
1891,3,24,1891,3,25,5.2,8,1,14.7,8,1,-3.3,8,1
1891,3,25,1891,3,26,7.2,8,1,17.7,8,1,-3.3,8,1
1891,3,26,1891,3,27,10.1,8,1,21.8,8,1,-0.7,8,1
1891,3,27,1891,3,28,12,8,1,21.8,8,1,0.4,8,1
1891,3,28,1891,3,29,10.7,8,1,17.8,8,1,3.2,8,1
1891,3,29,1891,3,30,9.8,8,1,20.3,8,1,0,8,1
1891,3,30,1891,3,31,12.2,8,1,23.3,8,1,0,8,1
1891,3,31,1891,4,1,13.7,8,1,23.3,8,1,4.7,8,1
1891,4,1,1891,4,2,12.7,8,1,21.4,8,1,4.4,8,1
1891,4,2,1891,4,3,11.4,8,1,20.1,8,1,4.4,8,1
1891,4,3,1891,4,4,10.6,8,1,19.7,8,1,0.2,8,1
1891,4,4,1891,4,5,13,8,1,19.7,8,1,0.2,8,1
1891,4,5,1891,4,6,12.2,8,1,18.8,8,1,5.6,8,1
1891,4,6,1891,4,7,7.7,8,1,14.5,8,1,3.4,8,1
1891,4,7,1891,4,8,6.9,8,1,16.5,8,1,-2,8,1
1891,4,8,1891,4,9,8.7,8,1,18.3,8,1,-2,8,1
1891,4,9,1891,4,10,11.3,8,1,22.3,8,1,1.6,8,1
1891,4,10,1891,4,11,13.7,8,1,22.3,8,1,1.6,8,1
1891,4,11,1891,4,12,15.7,8,1,21.1,8,1,9.5,8,1
1891,4,12,1891,4,13,16.1,8,1,24.4,8,1,8.3,8,1
1891,4,13,1891,4,14,13.6,8,1,24.4,8,1,5.7,8,1
1891,4,14,1891,4,15,11.9,8,1,17.7,8,1,5.6,8,1
1891,4,15,1891,4,16,11.9,8,1,14.9,8,1,5.1,8,1
1891,4,16,1891,4,17,11.2,8,1,17.3,8,1,3.7,8,1
1891,4,17,1891,4,18,11.8,8,1,18.9,8,1,3.7,8,1
1891,4,18,1891,4,19,11.3,8,1,18.9,8,1,2.1,8,1
1891,4,19,1891,4,20,10.5,8,1,18.9,8,1,2.1,8,1
1891,4,20,1891,4,21,11.2,8,1,20.6,8,1,1.3,8,1
1891,4,21,1891,4,22,12.6,8,1,22.8,8,1,1.3,8,1
1891,4,22,1891,4,23,15,8,1,23.1,8,1,3.9,8,1
1891,4,23,1891,4,24,13.5,8,1,23.1,8,1,4.1,8,1
1891,4,24,1891,4,25,10.3,8,1,17.2,8,1,0.6,8,1
1891,4,25,1891,4,26,10.9,8,1,17.2,8,1,0.6,8,1
1891,4,26,1891,4,27,12.6,8,1,18.9,8,1,7.9,8,1
1891,4,27,1891,4,28,13.7,8,1,21.9,8,1,6.1,8,1
1891,4,28,1891,4,29,13.8,8,1,21.9,8,1,5.8,8,1
1891,4,29,1891,4,30,13.2,8,1,20.2,8,1,5.8,8,1